-5.819085655487904463e-02,-1.197244755013617684e-01,-1.492644437879742381e-01
-1.516084325344125849e-01,-4.209902022128586552e-02,1.234607455058741865e-01
-5.044146400026793681e-02,-3.146886919718747816e-02,-1.909590767179187576e-01
-3.759835301200426666e-02,1.887168434427269892e-01,-5.451895864557564780e-02
1.626611108690978746e-01,-1.094745353166422103e-01,3.945489992429728615e-02
-3.790919240991218880e-02,-1.796295188774835183e-01,-7.934815107280103474e-02
3.723319518257425104e-02,1.406860720111164087e-01,1.371900809773771712e-01
-1.481992747465696036e-01,-1.334966639295636914e-01,-1.468385794905108926e-02
2.672201065587495247e-02,-1.045573244480609097e-03,1.982040386144988120e-01
-1.995265616850356027e-01,-7.909844060785854725e-03,1.125102435699680721e-02
1.151207634419762760e-01,-9.471554628216646843e-02,-1.333273232199886360e-01
2.270541520345600861e-02,-1.180313752709716835e-01,-1.598532407306205716e-01
5.939281732992148649e-02,1.907695040938005848e-01,-8.915691640023114262e-03
9.419046587952063787e-02,1.612430609729389730e-01,-7.161586015315285492e-02
1.245871746902335181e-01,-1.194523685929350654e-01,1.010404252774245865e-01
4.521368091000484840e-02,-1.940373946824411611e-01,-1.747033266480159039e-02
1.860267016796986750e-01,-1.429952868782056151e-02,-7.203880719083709250e-02
-8.440744169232289318e-02,1.505591946509125534e-01,-1.010312461223048380e-01
1.478149804162675468e-02,-1.924210843557174755e-01,-5.249412930047743508e-02
-1.399292109288476083e-01,5.725387374405799951e-02,-1.309267347417231997e-01
1.123995316405965866e-01,-3.241894293611203431e-02,-1.622200894645285385e-01
-7.853411854053427010e-02,-1.689770332465057867e-01,7.265779008661486793e-02
-1.172865276726009209e-01,1.299903822972840461e-01,-9.667663076829977054e-02
-1.248032313901940998e-01,-7.744691638890537078e-02,-1.357428767059825347e-01
-6.296362112933442945e-02,-2.220006882546483873e-02,-1.885278211788017633e-01
1.080204921131276280e-01,1.664902282411354906e-01,-2.475029664170395882e-02
-5.024407913629160699e-02,-6.143933461133975482e-02,-1.835776148506726158e-01
1.823799031076272711e-02,-1.937785707824667969e-01,4.601348948872527322e-02
1.342099397704423491e-01,5.927551568821218080e-03,-1.481639504036430799e-01
-1.463228365113413976e-01,-7.877200425125786831e-02,1.112861126175007931e-01
1.763625926483280149e-01,-3.146799315900274119e-02,-8.891569783173768060e-02
-4.682116156967371795e-02,1.593508084946461123e-01,-1.114230616226691839e-01
6.549552760880063274e-02,1.407686181169424677e-01,-1.260735183005981253e-01
-1.765798555962553099e-02,5.669992457288555721e-02,1.909798787815228105e-01
9.877345014688472535e-02,1.736873142667537950e-01,-8.747708779033712412e-03
3.934506591292818989e-02,-1.078999277366803899e-01,-1.637362860905501594e-01
1.617823824254578380e-01,-1.007336234899624261e-01,6.065639154553632839e-02
-7.598817989035538956e-02,1.836112933943352954e-01,2.264264681989100469e-02
2.988566126297148920e-02,-1.957649141702909601e-01,-2.798116564358147512e-02
-1.476082401872882144e-01,-1.189240358041084994e-01,6.378778203445355233e-02
1.102591119126555136e-01,-1.543076998131451549e-01,-6.349851981431371695e-02
7.800904631201784414e-03,-1.139288156737569835e-01,1.641930901290002687e-01
1.068686514656909002e-03,7.522400749419258688e-03,-1.998556263808916045e-01
1.191655345454273318e-01,-8.145584208839140583e-02,-1.384359821945639057e-01
-8.910225038011029830e-02,-6.828851899358365229e-02,-1.655218026450386015e-01
1.237149345098335768e-01,2.488605273135554782e-02,1.551621711586937957e-01
-5.930531275557220788e-02,1.773077656150355563e-01,-7.102700987347967954e-02
-1.108611135173816764e-01,3.083458323978628679e-02,-1.635819121605897597e-01
3.407807280614310111e-03,-1.397717992541161192e-01,-1.430112966964682264e-01
1.484123530114680178e-01,-1.156016851200288298e-01,-6.789715657528754000e-02
2.626209804708698470e-01,-3.964104613343088501e-01,-8.797095922867042006e-01
5.676689281227137451e-01,8.001558143508643584e-01,1.936560373562214998e-01
-3.813703972302925349e-01,4.885105579334097503e-01,-7.848019208080454501e-01
-4.445697926319289728e-01,-8.802363516810077781e-01,-1.659568156434464425e-01
-9.763193853489074980e-01,-1.541432859424500812e-01,1.517903329952064728e-01
-7.249498181434965716e-01,4.990612664519698538e-01,4.747479473373919512e-01
-8.577598866534956734e-01,-9.199549736095795349e-02,-5.057517229960686311e-01
4.488138823135177091e-01,-6.646780161794036967e-01,5.973016271955737810e-01
3.100624236482820914e-02,-4.458983419264121451e-01,8.945464110942986657e-01
6.397314659866832898e-01,-4.318882906029093416e-01,-6.357799586858853269e-01
8.861040408217299991e-01,-2.162518581920969962e-01,4.099448288097644610e-01
2.612896957839763168e-01,6.493143925565332264e-01,-7.142258147785316424e-01
-5.629178545423105806e-01,6.097527056892101394e-01,-5.579651664236484621e-01
-5.402992179021978147e-01,-7.109070157701271597e-01,-4.502088071807186509e-01
6.429332859870673378e-01,2.676829683929440318e-01,-7.176228941458139277e-01
-5.627097399018008428e-01,-7.897839102644098608e-01,-2.441293175903013757e-01
-9.960871668208980817e-03,7.500740625069464151e-01,6.612788230315067572e-01
8.248809373358761965e-01,5.008493198383934253e-01,2.621476645658034621e-01
7.900708790012088700e-01,1.972931113549469470e-02,-6.126979357206746579e-01
-6.381450288163585949e-01,-2.270078580727559470e-01,7.356890338792527739e-01
4.192734659322452928e-01,-2.646516559438418237e-01,8.684291921459945662e-01
3.633096640305708558e-01,-5.536434342190073021e-01,7.493230516727598101e-01
5.947914996361644002e-01,7.990963573687281940e-01,8.756759446617473630e-02
-1.023216883393598675e-01,2.343003855985298922e-01,9.667645015223527150e-01
4.380149037600655770e-01,-8.366098076436817577e-01,-3.289786829544772417e-01
4.790838830439551055e-01,2.081880821383604290e-03,-8.777666539461222994e-01
9.675063069188860609e-02,2.419877292005970515e-01,9.654435531801226489e-01
-3.614775673342076612e-01,-7.936628983809347337e-01,4.893190902138578324e-01
-1.358328899116038706e-02,7.847566521877736845e-01,-6.196551388532336446e-01
1.092276794367722931e-01,-8.605193117735637776e-01,-4.975699228345798475e-01
-2.807656156972531680e-01,7.448215076985204020e-01,6.053194121386205051e-01
9.029523277346909182e-01,-4.280735926671688785e-01,-3.781657175797545345e-02
5.828041982431734214e-01,2.386195101071870647e-02,8.122621952326070094e-01
6.934673629963358787e-02,-3.197453027727186203e-01,9.449624180460149958e-01
-6.750156075858559923e-01,3.094968899207004021e-01,-6.697504047366537039e-01
-5.194167465321927191e-01,-8.388608912561500430e-01,1.628454744315894764e-01
8.145786747311441200e-02,4.714093258322772928e-01,-8.781445572029074054e-01
-9.732217780744265578e-01,1.666554419938632292e-01,1.583203535098439141e-01
1.080719063243351930e-01,-4.055588842535833294e-01,9.076576747135522982e-01
-9.802087762773951107e-01,1.967693277235812721e-01,-2.173905646483915641e-02
5.775101824267759865e-01,-1.868283573326253999e-01,-7.947182859918253683e-01
-2.977758146037480791e-01,-6.320332911790677022e-01,7.154463523412710746e-01
-5.792744935947166107e-01,6.438972300077491218e-01,4.998373918175115227e-01
3.954220935660088254e-01,-4.715683032847461376e-01,7.882034656464156352e-01
6.373145286999486459e-01,-5.909603325153066633e-01,-4.945665545721429912e-01
2.118735355604850490e-01,-9.251310299014766647e-01,3.150272725376851435e-01
9.758276688529093912e-01,-1.232700495092135667e-01,-1.804573511805284969e-01
2.385856603861176151e-01,5.840059797290213517e-01,-7.758955459975692692e-01
2.474205219072052875e-01,-5.001553980282456013e-01,-8.298359254469364066e-01
-2.008421103532944396e-01,5.909463412603324084e-01,7.813097135322597531e-01
6.656478059097206135e-01,-6.456427916252857058e-01,3.742437495936073999e-01
-2.796691244809211829e-01,-9.498914840304858997e-02,9.553859128633510611e-01
-9.138824585642715270e-01,3.474568281116630630e-01,2.099823909929227073e-01
-7.084659117517645432e-01,-6.003465363216179407e-01,3.710257244617645722e-01
5.148132855619626247e-02,-7.995549749134363005e-01,-5.983824152674134256e-01
-3.852305221951375369e-01,4.340513850222095238e-01,-8.143689826666800080e-01
-9.607029320789314264e-01,-1.479419438602675163e-01,2.348681705591235680e-01
8.646863627985413858e-01,1.616197213786960962e-01,-4.756012611965004244e-01
5.975581366819129325e-01,7.352737918291053776e-02,-7.984472417108927633e-01
-5.914412744409272005e-01,-6.121246483664305460e-01,5.248815425883879282e-01
-8.705279363067271181e-02,-1.071673552178803446e-01,-9.904226214584863630e-01
2.141593365303263719e-01,-8.331705572908880697e-01,5.098652773434189100e-01
7.652466839360859696e-01,5.909011089565154862e-01,-2.554082852195367348e-01
-2.683045192788797717e-01,8.666746723747531522e-01,-4.205801911629259981e-01
2.447346790384732559e-02,-9.424667111251268103e-01,3.334029810750742118e-01
9.711533976634964538e-02,-3.649590422900835240e-01,-9.259446572191945002e-01
-7.823415172926718730e-01,-6.210652571823289669e-01,-4.711365663210100030e-02
-3.763723141331546951e-01,-4.990833330858718830e-01,-7.805509001916214329e-01
-8.807625980979760794e-01,-4.119412710515109044e-01,2.335843209553431499e-01
9.788840736506617679e-01,-1.090464811524421984e-01,-1.729012299012236686e-01
1.136477656170899742e-01,-9.241896439632092397e-01,-3.646336344351677194e-01
6.828522932404031964e-01,-7.250777231434569758e-01,-8.930308515064137864e-02
-7.922379390171930824e-01,-4.537211561939021309e-01,4.080394103562287600e-01
-1.285623332264527741e-01,-1.410756266189919748e-02,-9.916010806524522270e-01
-1.390627567249117791e-01,8.403025808440477418e-01,-5.239781696968878189e-01
-5.911554862374823749e-01,-7.692228917293408852e-01,-2.425517139310223447e-01
8.639812530195887241e-01,-4.990821452376794642e-01,-6.673384999876159906e-02
7.478716686864149421e-02,9.277070103737449225e-01,3.657411414855734066e-01
1.278672271672846306e-01,-9.727594225761992952e-01,1.933625558523917043e-01
-7.401079782256648754e-01,1.053911370917967605e-01,-6.641783561583566309e-01
-1.295173194705095399e-01,9.882470424876775850e-01,-8.119757983790112932e-02
-9.680363973908916453e-01,2.491867077728458502e-01,2.848715492628028575e-02
-9.469105734326483947e-01,-2.672812118400489378e-01,1.786648250741254829e-01
-2.301897743518200035e-01,7.571890677766323074e-01,-6.112915698939523912e-01
4.828513078790959701e-01,-1.499474276094953928e-01,-8.627690209046344760e-01
3.417551482718703681e-01,-4.236286587250638336e-01,-8.388934247784252118e-01
-7.301897537971185903e-01,6.525102831967228845e-01,2.026160254576027941e-01
5.107469037765320907e-01,1.117673677133433630e-01,-8.524351328969942410e-01
4.151037312790119005e-01,7.180955248156140058e-01,5.585944051975724189e-01
-8.284641495566679170e-01,5.525751701960449624e-01,-9.114732131093548906e-02
7.582156627231169121e-01,2.121572015826346802e-01,-6.165211518009499070e-01
-1.885332652331957737e-01,-4.656194709324539827e-01,-8.646697150872644233e-01
8.222499533494191937e-01,-5.530093964636526582e-01,1.344827930992828768e-01
4.674362992300593739e-03,4.247199714344694899e-01,-9.053127063039155820e-01
8.065284750188780327e-01,5.859046111028425319e-01,7.891518023897463319e-02
6.559189030725985914e-01,2.596344415073587597e-01,-7.087738351372748768e-01
5.551081597402205414e-01,-7.513405676534194999e-01,3.568505042564226182e-01
-8.767414627781130454e-01,-7.912232576558420050e-02,4.744091746700724310e-01
-3.069491324701806856e-01,3.905022610438881325e-01,-8.679229310229189531e-01
9.853873896388058717e-02,8.642087394197401906e-01,-4.933896752405261266e-01
-2.840087574384331237e-01,5.267115927559761213e-01,8.011953093689079264e-01
5.173030372850729447e-02,6.736029455573510072e-01,7.372808470404048631e-01
2.793345523662202901e-01,8.783100913665435883e-01,3.879994732703347937e-01
7.298556472977932863e-01,3.819236882143043910e-01,5.669612248543123290e-01
-1.663247593296820759e-01,9.015324959641637381e-01,3.994686885784021202e-01
8.172184643771107648e-01,5.754785949956422453e-01,3.127887758469870966e-02
-5.884204979242781963e-01,-1.439365071896831771e-01,-7.956403707207037046e-01
-4.890381833717321602e-01,8.550968459097875174e-01,1.721947714642033389e-01
-2.019968170680587760e-01,2.987341979741677811e-01,-9.327138708388033050e-01
9.121633028886770855e-01,-2.829754254619047948e-01,2.964506998606570853e-01
-7.215608133450186479e-01,4.608047614798325142e-01,-5.167291016019804895e-01
4.152670991482472207e-01,5.569713569028120898e-02,-9.079928774174929051e-01
5.588687006370148813e-01,4.483844366531562070e-02,-8.280430480463965015e-01
7.413938557356798409e-01,-6.625369667957432540e-01,1.066766999230766844e-01
7.378924473517736171e-01,6.586056994494328409e-02,6.716971947743546334e-01
-9.127852548136603517e-01,3.226902809367858671e-01,-2.503878215562794218e-01
-7.841152525661239103e-01,6.129487529269261881e-01,-9.724760654375846913e-02
-7.294916541658172937e-01,-5.758485560087186483e-01,-3.691075277545735611e-01
-2.240872931259257628e-01,-6.656061733925592305e-01,-7.118660737815855066e-01
8.381095045276824029e-01,4.629044358598555786e-01,-2.886034332464387231e-01
-5.575952980733437370e-01,8.168488645886241573e-01,1.478019485215752993e-01
9.703190767343639056e-02,-8.080546617105968110e-01,5.810615049898131268e-01
-8.998333313850551685e-01,1.163976389108857812e-01,-4.204183218943299827e-01
-5.730111580711443053e-02,-9.808560357186617562e-01,-1.861129208881826813e-01
5.745907204569271620e-01,7.926450890032116225e-01,2.038609007237044135e-01
-7.623267214482243315e-01,6.189695696587295126e-01,-1.890360854506056842e-01
-2.741204345852649715e-01,-7.442970929232834987e-01,-6.089990351459800833e-01
-4.855442579000422976e-01,8.691454000822387282e-01,-9.398429196510765804e-02
2.196794870868991889e-01,-9.639976750822911722e-01,1.498312563825528465e-01
2.162891714802731291e-01,3.734147670765961546e-01,-9.020977807474689358e-01
8.764039320469712013e-01,2.803465109200523053e-01,-3.915635091623846376e-01
1.473294065832895516e-01,-9.095544342308445884e-01,-3.885933312948434692e-01
8.774645787500225114e-02,-1.129909698469337975e-01,9.897138979843820294e-01
3.283913351767594468e-01,-9.143530551780809645e-01,-2.368915816725754020e-01
-9.096512239270450051e-01,8.703430409971267545e-02,-4.061522875940841160e-01
-6.476814440775452431e-01,-7.143605740435636335e-03,-7.618777565296488419e-01
1.257987692807414348e-01,9.872865595639371827e-01,-9.715924532361872035e-02
-5.080759297223641502e-01,4.413108771257189811e-01,-7.396644910817903318e-01
-5.587324265160290571e-01,-7.895320079449927864e-01,-2.538843909929436315e-01
4.189444633700730725e-01,-1.626398101104768179e-01,8.933273917096629102e-01
5.784835040778525395e-01,-1.603858445128218957e-01,7.997707273898677638e-01
-7.818111812581842734e-01,5.674484906570255172e-01,2.584056642388976033e-01
-2.962148558429123502e-01,-2.435508764125609293e-01,-9.235473619564056325e-01
2.660615143853917730e-01,-6.530818389140754521e-01,7.090101425533781310e-01
5.398614118193110212e-01,6.902245959598227731e-01,-4.818087412662411806e-01
9.077186902556174664e-01,-3.240069353893948456e-01,2.665826047967098655e-01
-1.413150856265889266e-01,1.024737115178128988e-01,-9.846467310777575754e-01
-8.443070595025568004e-01,3.803720008132630004e-01,-3.774423535739744873e-01
-4.753930419511986916e-01,7.521474898319511215e-01,-4.563722265912779075e-01
-7.945504753098897588e-01,-3.128617553725779876e-01,5.203912606971965449e-01
-3.370556002075038582e-01,4.398399287155701498e-01,8.324267892591163953e-01
7.494113359508420835e-01,3.818443481983533894e-01,5.409043753727167392e-01
-7.170585752685892933e-01,6.776155267787360437e-01,1.632917557691045962e-01
-5.491809082612763016e-01,-7.653075597867818880e-01,3.357151604180554916e-01
5.980453104279956911e-01,-3.179181479300831614e-01,-7.357104443269703031e-01
8.615676393858754389e-01,-4.964816760815749519e-01,1.058638185513828406e-01
-8.608271190709744503e-02,1.395947091552174613e-01,-9.864598744432486743e-01
-1.734586194952257299e-01,-2.658404993354695489e-01,9.482831519308347890e-01
-2.260929937471706230e-02,1.401344356071238806e-01,-9.898743150212845343e-01
-8.221311140176373877e-01,5.691327517135712499e-01,1.372378559498066419e-02
4.894246670690607370e-01,3.263602947526105802e-01,8.086732673171088681e-01
2.099589639370553207e-01,-6.404425719090941493e-01,-7.387493117079318994e-01
6.565262328267658098e-01,-6.501407648141896978e-01,-3.824791386953224626e-01
-3.171428320378895660e-01,-2.571224577281165380e-01,9.128573085750257832e-01
9.169576812046462688e-01,-3.294669900621624015e-01,-2.250335826919561966e-01
-7.997461150592464207e-01,6.003075808383886436e-01,6.079460140840276146e-03
3.096354663763641324e-01,9.293066361338644388e-01,-2.012835164623591189e-01
-8.153726461284657168e-01,-1.104695585879153646e-01,5.682991505983929770e-01
3.483139940077703556e-01,-4.580815495938495574e-01,-8.178255654478235881e-01
-8.427525548701706448e-01,-4.389474278607606861e-01,3.115979570443654367e-01
-3.225276299908793054e-01,4.608715717623413921e-01,-8.267849310635598803e-01
5.581876412678089538e-01,-2.147937184809977362e-01,-8.014301065202040775e-01
-2.686442692567704849e-01,-7.123504399224921124e-02,9.606018036121513060e-01
-6.366691152702861345e-01,6.154564114978994249e-02,7.686771570148369648e-01
-4.570947912961580983e-01,-4.245499428247834772e-01,7.815508286844783381e-01
-2.580672136210677703e-01,6.337128972943130156e-01,7.292525468290842472e-01
2.061047003226532948e-01,6.974771213025238170e-01,-6.863282871661737783e-01
-5.485588513566902469e-01,-5.550425969315486707e-01,-6.253086455421122958e-01
-4.429382460803999444e-01,3.001557115244015694e-01,-8.448149258852493126e-01
9.985367259724002853e-01,-3.671144526313185191e-02,-3.970738811621205705e-02
3.998608633835477599e-01,-9.100648184425773612e-01,1.090564815462258391e-01
-4.481178314747085167e-01,4.931627881114962753e-01,7.456412498893152385e-01
-7.323235932310320218e-01,-6.732640841009068788e-01,1.020667813588586603e-01
-5.964465726314771565e-01,-1.971925206271080422e-01,-7.780530803260735651e-01
-2.081711889126421910e-01,-8.126522161697142810e-01,-5.442987522134780098e-01
-6.732155845109762116e-02,7.451841000548486971e-01,-6.634519310343144349e-01
8.913993468465980508e-01,8.851011141211158340e-02,-4.444920298714860052e-01
-8.038474767916869990e-01,-5.920420714588394695e-01,5.757968112420145529e-02
-3.749945193346357897e-01,-8.723060003140384877e-01,-3.137855195593165503e-01
-2.260944138737937537e-01,-1.776091106671577324e-01,-9.577767588655965447e-01
-1.121052108171787520e-01,-5.751277446314346786e-01,8.103459132141008769e-01
-5.582314610048639825e-01,-7.228499085179740380e-01,4.072660625438015436e-01
1.110231017754051558e-01,8.046744782812202956e-01,5.832433924829443228e-01
-3.586744361203146880e-01,4.338065493018768426e-01,8.265376740697139013e-01
7.041294341727152295e-01,-7.087599342967221272e-01,4.314041570636591161e-02
-2.948254538310796646e-01,1.078965006826016759e-01,9.494399912125817131e-01
-9.574383515633169139e-01,-4.776789693775072843e-02,-2.846577435761457053e-01
-8.072563061338797752e-01,-5.774157463844015181e-01,-1.221814717313075005e-01
-6.889536318770194123e-01,-6.719577315029096054e-01,-2.716904492191949960e-01
6.411333859944784441e-01,-6.323147860593451020e-01,-4.348861836089756294e-01
-9.402294630232037598e-01,-1.477642779566468445e-01,3.068130946081813470e-01
2.643519696324396137e-02,-9.690062571730257979e-01,2.456176987129352340e-01
-5.014814049644570337e-01,5.546531170252347875e-01,6.639851807450716237e-01
-7.967926865322212393e-01,-2.607206519510755216e-01,-5.451111412684312985e-01
5.302297826250670365e-01,-8.452286115096816488e-01,-6.667062248689255288e-02
2.809703190487482516e-01,4.226701852418778826e-01,8.616296155084510744e-01
5.753995207803550560e-01,-5.871107167644653568e-01,5.694000331454622810e-01
4.080438303608870387e-01,9.105121148106166684e-01,6.684251108025521249e-02
-3.120616729981168930e-02,-2.108224254043460089e-01,-9.770261409343585779e-01
-5.301574555177365200e-01,4.504798485577168887e-01,7.183320808667643664e-01
2.912473911077373967e-01,3.000108751546172736e-01,-9.083878202408359748e-01
-3.260792583571241465e-01,-7.332034247077094946e-01,-5.967286278252066367e-01
1.717299453842358326e-01,-8.864833391228517101e-01,-4.297163195829621918e-01
9.412050230989016386e-01,3.276563176977745906e-01,-8.230699828162259257e-02
-5.436154291092870627e-01,2.178034278101706744e-01,-8.105824646934236544e-01
-3.432824111281930213e-01,-7.430468285538104345e-01,5.744898578618584661e-01
-2.057965501744986880e-01,7.501355623470712386e-01,-6.284460343088482670e-01
6.385137018688835653e-01,-7.182654740719365272e-01,-2.763963843502852402e-01
-1.140359248728683439e-01,-9.921656887369364464e-01,5.102013261008182810e-02
-7.076762215527808708e-01,-4.356138676170792090e-01,-5.562687514039137415e-01
-4.303921866162676024e-01,-8.129247945399366015e-01,3.923210982369795263e-01
-7.834741642743884293e-01,-2.787651067604344779e-01,5.553901774134937241e-01
6.329528261714752191e-02,2.926207322941807853e-01,9.541314449435323031e-01
-4.447897597608965747e-01,8.161189030422758561e-01,-3.689336060985991539e-01
5.189447402231635031e-01,-3.077691753861022117e-01,-7.974800883262679330e-01
1.047005067638394349e-01,9.852477951757503405e-01,-1.353683344978358349e-01
-7.594486751010880443e-01,-4.800023401941456713e-01,-4.391303488661944532e-01
-5.198553720278266121e-01,4.413382854797545107e-01,-7.314170560928974218e-01
3.606745328522145133e-01,-5.406449102289050401e-01,7.600111593887395323e-01
7.964495225774981257e-01,-1.963410878730808273e-01,5.719425978180767700e-01
-9.014439929848273581e-01,-4.177109439477945108e-01,1.136498782129262142e-01
6.015943392002280898e-01,-7.200171475803056609e-01,-3.459184271364583174e-01
2.619876800785797544e-01,1.780168453458440270e-01,9.485106526867042032e-01
-7.424545824422715268e-02,-2.571235041879535443e-01,9.635222444366358108e-01
6.186822594767525940e-01,-2.040237337321824940e-02,-7.853763460720470935e-01
-5.090150879313140031e-01,-6.220880853685376577e-01,5.949033991336607485e-01
5.433386255670857867e-01,8.390478408490358309e-01,-2.796173695322197450e-02
1.255697019269966241e-01,2.160587033143361591e-01,9.682721139638861274e-01
1.189932245709958702e-01,-9.805491726960009480e-01,1.560895013490163075e-01
2.331334353434366957e-01,-4.617551976647183976e-01,8.558217914698038609e-01
-4.322041778924000655e-01,8.764891308430206029e-01,2.120527107263679434e-01
7.961750001544448674e-02,-3.337093255961738891e-01,-9.393077981691824174e-01
1.328146640585366189e-01,-5.512666446760756678e-01,-8.236900821781208970e-01
-6.907889355412704102e-01,2.078278949455235336e-01,-6.925447369060506730e-01
5.881489403904832658e-01,4.953277337268784386e-01,6.393209367121854836e-01
-8.495242407902856563e-01,4.669695866644562599e-01,2.454546178830528391e-01
-2.926321258266778025e-01,-8.876624068699299208e-01,3.555585610895093396e-01
-3.037390902505015533e-01,9.306028705163877923e-01,-2.042568540844023062e-01
-4.125494775561488470e-01,9.087306861029322835e-01,6.333615636461117915e-02
-7.930426996997496092e-01,-6.026212765268412763e-01,8.905545199533242140e-02
-8.077879739943559789e-01,-3.020145384184933501e-01,-5.062270317297942190e-01
-7.647072001057674262e-01,-3.189682254150884022e-01,5.598947841174690687e-01
9.688300480522830105e-01,1.652361921309682125e-01,1.845679788074543470e-01
-5.851198105864274801e-01,6.655610487654830543e-01,4.633177070062114433e-01
-5.563574164222476748e-01,7.611742673191599362e-01,3.332869033777082768e-01
-2.936340626277780252e-01,5.029985063413723312e-01,-8.128785517425431983e-01
-4.351293852960480546e-01,-4.279916363666770862e-01,-7.921398722776535894e-01
-1.559299960014388226e-02,9.818927196103109933e-01,1.887949828245893968e-01
3.885206578062416760e-01,9.116017524003431349e-01,1.342905189446692571e-01
5.210958392582643040e-02,9.381007327619164116e-01,3.424202191089668612e-01
9.897793231426134097e-01,1.193194956156065356e-01,7.810089273105173813e-02
8.740287846349235057e-01,2.484400604517460198e-01,4.175538528050377618e-01
-2.601415203761939243e-01,-6.945844189292756932e-01,6.707301054500556248e-01
-8.536282538309066803e-01,4.965863078202514824e-01,1.572286333561654370e-01
-2.123630664328600981e-01,1.855059439895019981e-03,-9.771890742173221511e-01
-3.440338628255134590e-01,3.469173292250243845e-01,-8.725188066240932017e-01
4.702318990580189872e-01,-3.651559016563900584e-01,8.034569861503464416e-01
-7.565114914241841682e-01,-6.243376705025280859e-01,1.946608243448925968e-01
-1.902926904126076846e-01,-8.512161273260731020e-01,4.891010085407041519e-01
-6.907219252744212223e-01,-3.807125266541582786e-01,6.147854861606638632e-01
-8.659176641000457808e-01,-4.998584230356346580e-01,1.811507438154559210e-02
1.624603823072335862e-01,6.466948423824103731e-01,-7.452465397548497794e-01
-6.640755338296058241e-01,-6.027299370114160837e-01,4.424028801885654949e-01
-7.389542806147006981e-01,5.357338758049996486e-01,4.085777593998031754e-01
8.521119854166137042e-01,-3.288112946850819118e-01,4.071710903255251757e-01
-4.535272533035596410e-01,-4.576532770317892629e-01,-7.647656559580805480e-01
4.721851598640439129e-01,-3.967865295951630844e-01,-7.871477782068587725e-01
-6.065491032393284243e-01,5.907878389679417364e-01,-5.320412716013259713e-01
6.511568278899191320e-01,-9.803715909210292123e-02,-7.525845473629444449e-01
8.383432402974102526e-01,-7.684062577386389925e-02,-5.397000367596056503e-01
-7.030999181742874082e-01,-1.429095062130374683e-01,-6.965826426901952084e-01
-4.567511499185634705e-01,8.463515868235014228e-01,2.739842669377407502e-01
4.002676212147803780e-01,-8.483985339044166629e-01,3.464184739240929733e-01
-6.939577138732937467e-01,4.274431007711737562e-01,-5.794092568805542243e-01
8.558156116832359439e-01,-4.013270741713636514e-01,-3.263682250714692867e-01
-8.171152653955836564e-01,-5.611800906075296025e-01,-1.319073499211839695e-01
3.011013390769234355e-01,3.573322095584945957e-01,8.841106693271649775e-01
5.525520066915515227e-02,-3.499602449047075070e-01,9.351335144166572633e-01
-4.735634443724688891e-01,8.745331457687312016e-01,1.045439673339913778e-01
-9.346198479146676785e-01,-1.753231430767521748e-01,-3.094309864665334975e-01
-5.079786860518878955e-01,-8.585112071908456155e-01,7.011534528699478463e-02
8.079950015768714300e-01,-2.410305606124380218e-01,5.376321663346097512e-01
4.822671372593406169e-01,-2.207311326309142063e-01,8.477595032833038502e-01
-8.103661769014599559e-01,-4.076114289583147032e-01,-4.209032933069927762e-01
-1.928291936799217676e-01,-4.099758989460672853e-01,-8.914800414749144419e-01
-9.060986993827629954e-01,-8.382725294182048759e-02,-4.146783556457866449e-01
6.589006685208708136e-01,-5.729151683918284332e-01,4.874608895586522439e-01
2.587271608367465170e-01,-4.987250139595411635e-01,-8.272445930294206606e-01
2.487539908046985382e-01,9.528239490277162771e-01,1.739194474978683069e-01
3.926997384372635236e-01,8.284120767191096579e-01,3.993999831963401248e-01
2.778829628249668282e+00,1.035685530633805751e+00,-4.532784781980958577e-01
-2.931083286536062538e+00,-5.593652279878380540e-01,3.096147753371435996e-01
2.564149269718511093e+00,-1.318237734016738161e+00,-8.290885352098663619e-01
-5.099709073758512679e-01,2.434777702608376337e+00,-1.676838457488176726e+00
-1.796957593408624376e+00,5.710391703824623244e-01,-2.333421880710814467e+00
1.031988858212225857e+00,-2.758804577012436976e+00,-5.692067307938778464e-01
3.789328624155677838e-01,7.436885015065931581e-01,-2.881551196579443364e+00
2.418416936232405945e+00,1.172227797203642785e+00,1.333094713067064507e+00
2.309684708251301122e-01,2.839749148656240063e+00,-9.394031819143802142e-01
1.849772162438611423e+00,1.675386864122321962e+00,1.664758782104349244e+00
-2.518700200833866809e+00,-3.616496137457177462e-01,1.589137770993130028e+00
-1.571561488255079908e+00,-5.180182815576093169e-01,2.502369187111602056e+00
2.388446563993601668e+00,-1.777187320667601433e+00,-3.700381577695320834e-01
4.191418104203715189e-01,-1.623995153646046630e+00,-2.487360022934292925e+00
1.710434511256918810e+00,2.172411252002113269e+00,-1.164063200550518262e+00
2.037435065740060836e+00,-2.145272550065337125e+00,-4.966528353175456711e-01
9.627454841676824637e-01,8.188650686721101746e-01,-2.720768481885835754e+00
1.996658526439011982e+00,-2.196381949679986345e+00,4.350414462075246069e-01
-2.862147133648350383e+00,8.951376529002864624e-01,-8.271860557756686994e-02
1.508656230533472753e-01,-1.343101182036518793e-01,2.993192335271632309e+00
-1.708125192953796168e+00,1.232929550172650490e+00,2.135929083445333276e+00
-1.019179311098084906e+00,1.694360612761195872e+00,2.256194948525755528e+00
-2.042412165851160477e+00,-9.750391298638683146e-01,1.969226051020421142e+00
-1.863573927204629666e+00,-2.341389719972960748e+00,-2.120999694673558200e-01
-2.670846830239741010e+00,4.182450009585854112e-01,-1.300633818017769672e+00
9.312657868796165861e-01,8.686077933667298023e-02,2.850473511401309779e+00
1.658327478621701712e+00,-5.927109718858271092e-01,2.428712349673041615e+00
1.129485086132603122e+00,2.588821190910052472e+00,1.011072836990039026e+00
2.248607569913980253e+00,3.095185660654830029e-01,-1.961622352489467591e+00
2.717326190936512731e+00,7.591516690364680242e-01,-1.019719135570971380e+00
-9.777785656086126487e-01,-2.112809675957283417e+00,1.892084657148733973e+00
1.088757277164444925e-01,-6.150752978708674545e-01,2.934250918695140875e+00
-1.426227692755202003e+00,-1.552306606450167603e+00,-2.134530104727815125e+00
-2.846373378960258993e+00,-7.594213630857866715e-01,-5.669548313889603008e-01
1.472029627688943521e+00,-4.045488621578074429e-01,-2.582531508681505716e+00
3.944626843387400994e-01,-1.894580615348642194e+00,2.292370712299700131e+00
3.030551586899148941e-01,1.030087663518608754e-01,2.982875586551691605e+00
-3.194446281059946102e-01,-2.699204844762482125e+00,-1.269743413286703371e+00
1.807333863412643016e+00,9.115122482060759035e-01,2.214201826286898545e+00
4.636174623904574243e-01,2.095189986134629923e+00,2.096482237121937153e+00
2.934745239539593875e+00,-5.859582408947157095e-01,2.095789085935430562e-01
1.928516802000497909e+00,-2.260684688503336481e+00,-4.124653725688317563e-01
9.179763132956529903e-01,-1.996546043278744520e+00,2.042332829216656265e+00
-1.860883729818332721e+00,-2.352189838458385029e+00,-6.568643657962458526e-02
2.808607766337379186e+00,1.240854957593614805e-01,1.047055492613219174e+00
-4.622214183182346003e-01,1.440326486266229278e+00,2.590716305080094539e+00
2.791798463013039466e+00,-9.415999773996537314e-01,-5.650228530590624132e-01
6.421526937506470967e-01,2.567266275416440369e+00,1.413076002562561051e+00
5.291024532469235792e-02,2.987551025526967052e+00,-2.678420725211955178e-01
1.646455600813318432e+00,-1.276749031367170106e+00,-2.158493888213132372e+00
7.167789599585505655e-01,2.664236370588483727e+00,-1.178164879884917138e+00
9.818671080663615713e-02,-1.054695291219650555e+00,-2.806773452293588988e+00
6.841887704396147629e-02,-1.474491505901635469e+00,-2.611741498749057033e+00
-2.726507641714436048e+00,8.629819226437236424e-01,-9.063212900858754750e-01
2.599492236892895214e+00,1.473445397191869510e+00,2.675794682475910458e-01
-2.122185572384022390e+00,-1.947017590499427353e+00,-8.399112445079558453e-01
2.187053275673988662e+00,-1.447711641464873855e+00,-1.456340953393385540e+00
-1.420590872689946993e+00,7.332885284601277087e-01,2.538544761562969931e+00
1.376708353560433640e+00,2.608979887089649452e+00,-5.458003829227311421e-01
1.693659805363736393e+00,-2.471308641057272215e+00,1.554029096604286619e-01
-2.086557861583177242e+00,5.790275402497720991e-01,2.076295595019586049e+00
6.206326127358852834e-02,2.991428066761149474e+00,-2.179593379365502570e-01
-2.256353010805708603e+00,-1.949754178371615909e+00,-3.276121709436909391e-01
-2.991620114467429481e+00,1.684113257507721673e-01,1.478063465239268237e-01
2.941508355320265444e+00,-1.378851570116998160e-01,-5.731633964734018649e-01
-1.733732487761031171e+00,1.841062856195746278e+00,-1.613895665902324028e+00
1.343430313371530627e+00,-2.154913060187112261e+00,1.597355532168554415e+00
-2.381516595138269299e+00,-1.642727708766724470e+00,7.936147566237989892e-01
1.136528709375746127e+00,-8.610821605177121363e-01,2.639477222027659664e+00
2.034049270928315334e+00,-5.212255233194034165e-01,2.142654315860681002e+00
-1.118250619005831448e+00,-5.291183261521266168e-01,-2.733047630397803296e+00
-1.964793015544403332e+00,2.221596700900071664e+00,-4.517704114014630679e-01
-1.802311293127299541e+00,2.322586950696428953e+00,-5.977155336114878814e-01
2.429096487139676130e-01,-2.990135184561581116e+00,9.299495068784038865e-03
-2.867572376839051085e+00,8.437000822849998194e-01,2.553406249344534751e-01
1.126000908744908546e-01,1.903113542728445795e+00,2.316350591559628302e+00
1.986717517543154621e+00,2.243819452377413537e+00,1.350102611651710638e-01
2.004728999367806352e-01,-2.196596019429266633e+00,-2.033414995473977971e+00
-1.253217110716519311e+00,1.733150395809658573e+00,2.103719700652195712e+00
-1.272116845712381039e+00,2.485173744556825159e+00,1.098011926265006766e+00
3.879456887413746946e-01,1.683838253710910005e+00,-2.452383917319385542e+00
1.028852974317445712e+00,2.757103300336942286e+00,5.829605033870557396e-01
6.861902320243098985e-02,1.968692376190047444e+00,2.262640439306680573e+00
9.495545179777280520e-01,2.003673490120590372e+00,2.020801514839114077e+00
1.863796825620849251e+00,2.237000975734178443e+00,7.225565911193256863e-01
7.291059311228086370e-01,2.262618666937662670e+00,1.830016751078190840e+00
2.365500617053394539e+00,1.015166870188789483e+00,1.540728092945379935e+00
2.345715035232908807e+00,1.159983307723767565e-01,-1.866591910606144156e+00
-3.258799657995762322e-01,2.955139106540005223e+00,4.011921097035797135e-01
1.594638607407977415e-01,2.745183335949247017e+00,-1.199391399479003528e+00
1.716415382092293385e+00,-2.427853270258425233e+00,-3.993078188721534971e-01
2.895106706596803359e-01,2.643168743055765102e+00,-1.389187736523465055e+00
2.335848025504203007e-02,-2.575113291287034922e+00,-1.538910627176585111e+00
1.601044623032364056e+00,2.141022075087528620e+00,1.361132098308995397e+00
7.703335078353211740e-01,7.595479135970492068e-01,2.798155330509101368e+00
-2.283373486310920963e+00,6.203439422687514471e-01,1.844282764465030144e+00
-1.336322937312707904e+00,2.476825361766982425e+00,1.039027013373471364e+00
1.986247411818589326e+00,2.248249906615993776e+00,1.391317523545130760e-02
6.795647864804774674e-01,-1.060261450638932679e-01,-2.920094203538412092e+00
6.680418752367593971e-01,-2.655108046527134835e+00,-1.226426236753363153e+00
-2.928347496221285873e+00,5.621384383916108174e-01,-3.298201289448060014e-01
-4.691138564120795884e-01,-1.075607186233356050e+00,2.760978335779792125e+00
4.414523044890069081e-01,-1.520039739007211121e+00,2.548450324157846669e+00
1.638565799961753999e+00,-2.218541486015143782e+00,-1.180328680506160799e+00
2.156981801356975814e-01,-2.984391064962181428e+00,-2.165277498614112950e-01
-9.900478865400116346e-01,-9.949830131342136674e-01,2.651379638213286150e+00
-1.190754031714837069e+00,-2.481161340023313233e+00,-1.194128653340407631e+00
1.229208332403431303e+00,2.729989119671194953e+00,1.902794839883463207e-01
-1.616732341276114537e+00,2.493962822678789770e+00,-4.078308175799036928e-01
1.845318397556267476e+00,4.581278522921395924e-01,2.320542799130100420e+00
4.265530233348176492e-01,-2.378086618306862299e+00,1.778414055869374399e+00
-2.222108110066581599e+00,1.331238626100492040e+00,-1.513287569351707607e+00
2.329122753199364126e+00,2.580558347446181844e-01,1.873124231513561888e+00
-1.769243193950645443e+00,-1.575854062855287729e+00,-1.840234358238591383e+00
2.499654697823491922e+00,-1.387049605628754678e+00,-9.098460216839232562e-01
-2.877182441330885077e+00,2.789455503965106511e-02,-8.491425634699907299e-01
-1.379511699545835413e+00,-1.099854421977557450e+00,-2.426369246687851700e+00
-2.948057915834849663e+00,2.704242311839365476e-01,-4.856184305316891825e-01
2.959153972519359410e+00,-4.874776689038172739e-01,-7.598216397939899780e-02
2.684130448087211018e+00,-1.276273016335901955e+00,4.081310150233716794e-01
-1.707980205090730008e-01,-1.860856994884298343e+00,2.346921234464497630e+00
1.540260851499767547e+00,-1.270585316918523944e+00,-2.239019754662353368e+00
-2.846147395031764837e+00,-7.031573266740845929e-01,-6.364077149897345853e-01
5.223356194398398600e-01,-2.937626080062070599e+00,3.122795452852328291e-01
-5.839156078953628565e-02,-2.996672595253521365e+00,1.286226359747235926e-01
1.705236630534039621e+00,1.889776505055166478e+00,1.587738263954860507e+00
-1.918347054777001848e+00,-1.197265645001952122e-01,-2.303391006143200137e+00
-1.780940510630062423e+00,4.459290161786004236e-01,2.372635288055608083e+00
1.273384558587671300e+00,-1.603789958863774290e+00,2.192338827325332584e+00
-1.021682517586296024e+00,-2.820524035858631873e+00,2.844286206172754600e-02
1.910188472662542436e+00,-7.614517053088275533e-01,-2.184346881653511652e+00
-2.139566135913164580e+00,1.469393630207045609e+00,1.504373327854681808e+00
-3.613435303348992989e-01,2.769420544053395883e+00,-1.095326756388294687e+00
-6.192104112732566001e-01,-4.737890936697548017e-01,2.896912556721447984e+00
2.446562066852105755e+00,9.050255033165273133e-01,1.481641957892330552e+00
-2.231431223565695454e+00,1.977202415728792628e+00,-3.337443658435722549e-01
-5.860225704383350553e-01,-2.328020529376154446e+00,1.799138116360168516e+00
-1.090203611377007720e+00,6.108007421077545906e-01,2.727339095012049519e+00
2.210837491142322087e+00,-1.410655186508810388e+00,1.456794265685897649e+00
4.712853406871974626e-01,-1.742548153148925527e+00,2.396125218266069723e+00
8.288907869724455590e-01,-2.555557728005205309e+00,-1.334939984458130002e+00
-3.435841923907173578e-01,2.971428591510774986e+00,-2.292641016197482229e-01
-2.022930077360214352e+00,1.694450071604507668e+00,1.427092448634942778e+00
2.748114522913267077e+00,1.577456734760701029e-01,-1.192888457255231405e+00
-1.405427497900067824e+00,-2.009989725095817192e+00,-1.727632730980631859e+00
1.508493369703632236e+00,3.932581673825891744e-01,2.563161283912323007e+00
1.277778067744439250e+00,1.445543299802046100e+00,-2.297321870785349773e+00
-4.325160693714751869e-01,-2.537290224652928750e+00,1.541132105179870093e+00
1.242052444831097224e+00,-1.741789796441679306e+00,2.103205655493714854e+00
7.350102129817754903e-01,-2.792860244640210876e+00,-8.122140362741264719e-01
-9.139253818863989354e-01,-2.712336258270810152e+00,-8.988728599826023569e-01
2.050475526623550149e+00,2.147168622939901184e+00,4.303684693146579976e-01
2.255190498979588565e+00,1.811457421494097275e+00,-7.954481902840375707e-01
2.280572843627971542e-03,2.345680625206048031e+00,1.870234531688597102e+00
-8.910864509730196392e-01,2.145709484031315117e+00,1.897866103556933082e+00
1.756625239799772809e+00,1.113945125886285359e+00,2.161803419234177071e+00
2.844574720960753034e-01,2.945521835159444546e+00,-4.929351531060125469e-01
1.998975934317607783e-01,2.704487872597706843e+00,1.282882028524883644e+00
4.674031732422547630e-02,1.591104824165029852e+00,-2.542872545224239111e+00
2.595764934329755746e+00,-1.202142091049275052e+00,9.038024112778826336e-01
-1.664070891728139046e+00,-2.491720193517774184e+00,-1.489917599025594452e-01
4.619221041773647340e-01,-2.244073116835852311e+00,-1.936688879496905269e+00
1.619984813299645277e+00,-1.973989977576646293e+00,1.574488098750024268e+00
-2.972981356598902725e+00,2.298626475387030021e-01,3.294617073073078384e-01
1.407206360477264662e+00,4.326423959142964848e-01,2.613922496228583192e+00
-2.645694296512017374e+00,9.401455539104349723e-01,1.056611578048537226e+00
1.569929950814498376e+00,-2.267319028429270134e+00,1.180925218994893555e+00
2.356504920105519041e+00,-1.356151130980866704e+00,-1.267966352652071471e+00
1.923754448491557856e+00,-1.119945882387821667e+00,2.011191199869248436e+00
-9.068728937319963102e-01,-9.082296975724925003e-01,2.711586320046170506e+00
6.616744875711534357e-01,-4.509323074933044295e-02,2.925773995550243978e+00
2.146665649691972710e+00,-1.833305993541958667e+00,1.015290954591673511e+00
-2.718341048134343407e-01,-4.218251694518077022e-01,2.957730505958450884e+00
2.137477713472352381e+00,2.889637250991987649e-01,2.085111265612892950e+00
-1.315153960287790191e+00,-2.680799481186440403e+00,2.892822193116171281e-01
1.581039622686881252e+00,1.852668118659817287e+00,1.751552041360922907e+00
1.178126497302242504e+00,-9.232693385783634632e-01,2.599921476659520003e+00
-2.441854691934066679e+00,-1.105082132157489960e+00,-1.347642068453579256e+00
1.361253702236448593e+00,7.168683326935534339e-01,-2.575478237479153165e+00
-1.439016540633190067e+00,1.926378258879742233e+00,-1.793961593652311226e+00
-2.090597769272418971e-01,1.935152495209820023e+00,-2.282866362701579277e+00
-6.623846011966636471e-01,-2.300547217905888786e+00,-1.807962703786505809e+00
5.328022962903607995e-01,2.184586480784969531e+00,-1.985876033653475314e+00
-1.123757554512826662e+00,1.549415236462269974e+00,-2.310082549108130934e+00
-1.839478558646247652e+00,1.848811103869159700e+00,1.482638234530198051e+00
2.503357121885948278e+00,8.178147667952511135e-01,-1.436795784902826778e+00
1.720831867698027873e+00,1.549076522445425041e+00,1.907642422133483784e+00
-2.626660551095494345e+00,-1.351932943425799394e+00,-5.224286226832977054e-01
2.634422052359514765e+00,-7.249536534371163743e-01,1.238653563515666134e+00
1.264960055744863920e+00,2.651027987787599738e+00,6.098579058574047362e-01
-6.595172291526839592e-01,-1.001401558379465817e-01,2.924894694453035626e+00
1.896589937627108258e+00,1.595473171616332619e+00,1.690388111394576232e+00
-1.300477186269326957e+00,2.440358025124313990e+00,1.163362281150790878e+00
-1.926502197396054106e+00,-2.828661242885411875e-01,-2.282230496500770922e+00
1.253695634464600639e+00,-1.411947863995766106e+00,-2.331233683156237468e+00
1.460145621730538190e+00,-1.829882546445117386e+00,-1.876034282617637272e+00
-8.985374806045157703e-01,1.874960767837770215e+00,-2.162672539941747463e+00
-2.675331047096014991e+00,1.344169542076297796e+00,-1.892406684582783605e-01
-1.860583411636213880e+00,9.287934370185388921e-01,-2.162307128900849751e+00
-7.748211865159029266e-01,6.845911741209138590e-01,-2.816200819054251347e+00
-6.234750294181695685e-01,-2.089944039621807637e+00,2.059954562348716767e+00
-2.971339236196609002e-01,2.983548165399215524e+00,-1.007560230326707551e-01
-2.113221440474565505e+00,1.558258392714119145e+00,1.451249780380555521e+00
-1.183950849572815045e+00,-1.717841279487330564e+00,-2.155755488056365632e+00
8.239695016252075455e-01,1.397879547814989687e+00,2.523292894253868823e+00
-4.181974673511082430e-01,-8.503257952418015186e-01,-2.846411235265824402e+00
1.301714535691031793e+00,-4.313848941577065887e-01,-2.668229064503875314e+00
8.781109291845885512e-01,-1.567524525591752038e+00,-2.402454590146280378e+00
5.864994750945314861e-01,2.844876622208483585e+00,-7.501302354428114327e-01
-4.853396630123530398e-01,-1.658389773506421028e+00,2.452384303211137428e+00
6.725922000623296704e-01,2.235688247198774015e+00,1.883963320702552346e+00
-2.770736239203608786e+00,-6.115549964668892668e-02,-1.148599450472969741e+00
-2.724739664870818867e+00,-9.833699043044749066e-01,7.802418791553464850e-01
-1.268512006556170357e+00,-6.127012742416698687e-01,-2.648674090515001911e+00
1.552414730051004277e+00,8.882296198897741135e-01,2.408538280424692424e+00
-2.928270053004481399e-01,5.437067310586437552e-01,2.935751238706763466e+00
-2.708294975587154596e+00,-1.268932503774038212e+00,-2.344112328262510370e-01
-1.574756469603356912e+00,1.718164861046591385e+00,-1.888928683594782942e+00
6.369286873473772870e-01,2.663467958573499050e+00,1.224851126009305347e+00
-1.544561627209845467e+00,-3.879568546205452995e-01,2.542404149364102750e+00
-5.981305790105649889e-01,-5.978085990414354622e-01,2.878344088076441487e+00
1.447578799824536175e-02,2.953115802678125235e+00,5.281074772568190578e-01
8.072497977550537884e-01,-2.495164420730122234e+00,-1.456881010085222750e+00
-1.554177249477379119e+00,2.276012129476106427e+00,1.185032431490619320e+00
1.540139159781964140e-01,-1.356149719776064355e+00,-2.671542185936123914e+00
2.694208378400737569e+00,8.790633718709479627e-01,9.841182865845681249e-01
-1.296075516734787714e+00,-2.061946807634247758e+00,1.751731605414365234e+00
1.738460557106536353e+00,-2.388233014109375052e+00,5.235436578766667903e-01
-2.471516977523906256e-02,3.126684951152955416e-01,-2.983559547343628715e+00
-1.193279741224184898e+00,-2.068175319395661127e+00,1.816241808633034749e+00
9.762722518034847030e-02,6.687365260643424181e-01,-2.922885626159700045e+00
2.943642227588766591e+00,-5.031175290740236283e-01,2.860824844248495147e-01
-8.314752662260597171e-01,-2.799567039652199885e+00,-6.863477778410312924e-01
4.621828936874274735e-02,-2.348788181926856122e+00,1.865759348407120433e+00
-1.036374595731519133e+00,2.192191509213364142e+00,1.766415603490629538e+00
-5.475616699131360399e-01,-1.790864046626704287e+00,2.343711198962398434e+00
-7.534689713430323121e-02,-3.141329690575640488e-01,2.982556507904471133e+00
2.566444582958768539e+00,1.546836143238765393e+00,-1.437363856920570448e-01
-2.675336019887371908e+00,2.687942183123224194e-01,1.330536301231598273e+00
1.555107019297062410e+00,-1.218347396876149569e+00,2.257713839054479532e+00
-1.355299991012031413e-01,-2.370777334711725803e+00,1.833315698007517813e+00
-6.808963033956370037e-01,2.104788536106052543e+00,-2.026387288328343139e+00
-1.744259834456653779e+00,-1.820965817946295529e+00,1.625312622166094512e+00
1.240137410182571731e+00,2.027767791234972083e+00,1.830359797606936345e+00
-1.277603979796576805e+00,1.562463733475099925e+00,2.219557422636999178e+00
-3.213306481608271259e-01,-2.546624471015667801e+00,1.552884547600597465e+00
2.672425502082741211e+00,-1.232373344477953658e+00,-5.825786433075216264e-01
-1.329927989607765593e+00,2.525435354192181236e+00,9.238332177693430181e-01
-1.388088692674946945e-01,-5.101070814335955106e-01,2.953053142644740614e+00
1.822358070851056722e+00,2.126749659372023427e+00,1.075149732811666592e+00
2.280124710812867939e+00,1.929895358328005406e+00,2.766499756814609357e-01
1.716915669105307130e+00,-1.595471836884605032e+00,1.872610531554476765e+00
1.687084112999291285e+00,2.437030774519636900e+00,4.632798287316337582e-01
-1.051447229913809123e+00,-2.707537531333433556e+00,7.507990670794904009e-01
3.071353455892689155e-01,-1.376606906052172175e+00,2.647757788336996931e+00
4.719345379485434533e-01,1.763281516251804293e+00,-2.380780562407218692e+00
1.845477487997862820e+00,-2.499509360837507410e-01,-2.351964576868442958e+00
1.849838786539593993e+00,8.994839658158753082e-01,2.183809757981190813e+00
1.234171893638739359e+00,-1.013693255402636106e+00,2.539536516946227174e+00
2.714177827265801923e+00,7.210866632841952395e-01,1.055117408638658549e+00
-8.579602858382079367e-01,1.240876627595977055e+00,-2.593092621371333895e+00
-1.196516543678399991e+00,2.749807369076894936e+00,8.311193460810262224e-02
9.126022185463916747e-01,-1.391438761539486757e+00,2.496208197164183851e+00
-2.687837986222928244e+00,-1.015258819277533808e+00,-8.630043393264370533e-01
-8.145860683626973131e-01,-5.805875356026329870e-01,-2.828315337923313244e+00
-2.511712181643612762e+00,-1.437852966823855771e+00,7.898612298238978369e-01
1.755817755758905641e+00,2.307329026777934278e+00,7.702835651562021102e-01
-1.090336066678582627e+00,-9.532340113948420957e-01,-2.627263249318571248e+00
-2.027903928128064415e+00,-7.954085361898456386e-01,-2.062748389610107758e+00
1.351228460489913408e+00,-2.586557849017643740e+00,-6.956293131023741916e-01
-7.776618188377933949e-01,6.896947263830160990e-01,-2.814171863963064624e+00
3.645699494813994801e-01,1.481818341866378841e+00,-2.582886593260243391e+00
-2.010301435684002658e-01,2.557762527095571059e+00,1.554811157781725184e+00
-1.392333199875431360e+00,-9.827681008575983590e-01,-2.468921853858763171e+00
1.823018516048119153e+00,-1.834872441634900042e+00,1.519817953925566067e+00
2.699512003228014212e+00,-4.680658792758591868e-01,-1.222108537358933322e+00
-8.782534959887143833e-01,-2.786161555760946928e+00,6.826233089950434207e-01
-3.468502965988597975e-01,1.424181896013020587e+00,2.617518060838939231e+00
-2.780443033372901773e+00,-3.115094420525316155e-01,1.082634936476842835e+00
-1.822923537090251234e+00,4.069809293138981765e-01,2.347619283678076485e+00
-1.864670071851236288e-01,2.229488387319751297e+00,-1.998652442531666740e+00
-2.572004300962329904e+00,-7.127880920179928692e-01,1.369936864132295540e+00
-1.536907873167414396e+00,1.822923846171513595e+00,-1.820676478799918563e+00
2.894939747054205093e+00,-7.848068881856738732e-02,-7.830483014529165953e-01
-3.040716223250645167e-01,-1.878641472215443420e+00,-2.319104712463150975e+00
-2.875023732584101932e+00,-2.005516072583613807e-01,8.330771812408899191e-01
-1.202876958825789933e+00,-9.039664202852680797e-01,2.595367359917022831e+00
9.709879536025842750e-01,2.336017942025008676e+00,1.612514362260351275e+00
-2.914492739540459620e+00,-5.300859658219913007e-01,4.740684971652457391e-01
-4.575279790331330809e-01,-2.571650490935496691e+00,-1.475561554416851218e+00
-1.338809140451482804e+00,2.652413634237811291e+00,-4.150807130582274684e-01
1.690416250595786263e+00,-2.409755190638194211e+00,-5.792864756870861331e-01
2.005171033425828586e+00,9.372065242089956394e-01,2.025076062198674087e+00
2.853357480581393268e+00,3.225495809298369876e-01,8.685118628160410914e-01
-3.459002761324154740e-01,-2.837772456166105073e+00,-9.096155704452891788e-01
1.264455921762533297e+00,1.269688996559184435e+00,-2.406042616816292501e+00
2.302069736449505744e+00,1.357602061811706395e+00,1.362861537460026362e+00
2.731207641509895812e+00,-1.236330497966443787e+00,1.095067064430176040e-01
-1.711461585560332344e+00,1.323817487437766172e+00,2.078077597469659477e+00
5.409886293386692024e-01,1.168568734847178048e+00,2.709571629402687254e+00
-2.921168732310708727e+00,3.378208814365147861e-01,-5.938436574012576630e-01
-2.495230741952272790e+00,4.097218629213495444e-01,1.614295988801486059e+00
-1.188416168341680929e-01,4.776208338498439399e-01,2.959350437035266346e+00
5.708887386499040817e-01,3.410740166213845903e-01,2.925364005259598166e+00
2.830159397410735522e+00,-1.281005676512945723e-01,-9.868069871130418225e-01
1.590194290931872034e+00,1.517569633867569268e+00,2.041632808183374337e+00
-4.219771226817469190e-01,2.807416534003679548e-02,-2.970041607313556487e+00
-2.988076161741415882e-01,-1.432590928045304857e+00,-2.618854184829430221e+00
-5.848314033240510357e-01,1.570993259389029451e+00,-2.487961496615302082e+00
2.043334214273070604e+00,1.619368348211846775e-01,-2.190561971346427939e+00
-1.426110704155677089e+00,-9.304182350142912172e-01,2.469925133975823694e+00
-1.649977037995282725e+00,-1.250325107799786117e+00,2.171235339361849537e+00
-2.192459101944171929e-01,-2.948989025218129889e+00,5.053661642868916282e-01
-2.318545641593218853e+00,-1.777696652626324481e+00,6.812787381756834071e-01
2.342927507343726568e+00,8.169312766967296024e-01,1.686212911967751804e+00
-1.724040939573176612e+00,-1.382781711665776181e-01,-2.451236827818655595e+00
2.820298862569085685e+00,9.638964249923974714e-01,3.417864942890477820e-01
2.637128590336333400e-01,2.963504412517198094e+00,3.848338927009982147e-01
5.037793995292529914e-01,4.315718498064258224e-02,-2.957083660296828675e+00
-1.653790344270252399e+00,-2.500756939467535744e+00,1.057933216391525599e-01
-1.835846330151808425e+00,2.336824257822361250e+00,4.109995621908968388e-01
-1.467673432385016463e+00,-2.611985212643830767e+00,-1.531925089589788458e-01
1.611168485663471150e+00,-2.508778769364684802e+00,3.319114297367479760e-01
-1.666976316682290127e-01,-1.912677111856435186e+00,-2.305185060982464673e+00
-1.345208089760805192e+00,-1.469789624181537580e+00,2.242795946110653027e+00
1.160675031297388804e+00,-5.843579920228618718e-01,-2.703952516018322427e+00
1.858254010363071806e+00,-1.316349883293103408e-02,2.355147289506122732e+00
-6.537243279604636470e-01,-1.824336135785734614e+00,2.290074707667637099e+00
-4.661015556171468344e-01,-2.471478647519084859e+00,1.635402896753124447e+00
-2.231393754519796602e+00,6.542676152638794429e-01,-1.895472447678140604e+00
1.815745178909121016e+00,-1.847342075760791236e+00,-1.513405662865080714e+00
-7.105148232960356580e-01,-2.836935548029490217e+00,-6.685546964932781444e-01
2.972887514519649610e+00,3.589956379150218146e-01,1.818294749790746734e-01
2.916677161244350280e+00,8.350865735466135586e-02,6.971518064399038206e-01
4.225586596207324686e-01,-6.300636604159869369e-01,-2.902492715409073831e+00
1.330478453198827404e+00,-2.666519866447202514e+00,3.456861111124475694e-01
2.342414592524185490e+00,4.885337282084767918e-01,1.809538248596166188e+00
-1.841754995600153877e-01,2.824390079462468339e+00,-9.944345450535239106e-01
-9.132085873211690519e-01,-1.234296203680373960e+00,2.577317007592021092e+00
-8.240236734989321299e-01,2.492532076139342134e+00,-1.451987890765561895e+00
-7.296165255551561035e-01,6.598134532311893397e-01,-2.834132306821958380e+00
2.887722765699317407e+00,5.644479572023332337e-03,-8.130346661196222735e-01
2.926720924619125253e+00,1.548904273260952869e-01,-6.405572456223673772e-01
2.492549473075043931e+00,-1.498652960912435494e+00,-7.356877238487196102e-01
1.516608815213529526e+00,8.318043901131135787e-01,-2.451122020260346979e+00
1.593622932800310643e+00,-8.657021037026491062e-01,2.389754342123421083e+00
1.963453890378811462e+00,2.266416890307382470e+00,-9.057206901537770416e-02
5.496373109544522295e-01,2.718411238864353319e+00,-1.143739114843385085e+00
-2.700260507850618996e+00,1.075789538733665784e+00,-7.424756279458095687e-01
1.606158751859227740e+00,-2.307605490138599502e-01,-2.523292221056615769e+00
2.845851070887190026e+00,-3.669668171058934059e-01,8.754810320466144269e-01
-2.907997098496096555e+00,-3.722611618852734727e-01,6.363760700168630269e-01
-2.393560014521709967e+00,1.735291690871835213e+00,-5.095421518127826177e-01
1.209610822074672409e+00,1.573027205554452967e+00,2.249983793209494376e+00
2.998912106932565269e-01,4.531387662238587910e-01,2.950378030065647472e+00
-8.183556278200916634e-02,1.417905169440192015e-01,2.995529734449133841e+00
-2.647117862812881750e+00,1.173476315956139659e+00,7.846785050369143866e-01
2.086744880012420644e+00,-8.221817978086415346e-01,1.992363645797146310e+00
-2.057460181246472342e+00,1.649151640400120078e+00,-1.430788757836329195e+00
2.293494044718309421e+00,-1.765733091815218092e+00,-7.887152308091446296e-01
-8.682273125062196506e-01,-6.782450665578129700e-02,-2.870815419025599446e+00
2.007729425588789252e-01,2.953234609306416014e-01,2.978669884186597283e+00
-4.928857036185432805e-01,2.556377719921004488e+00,1.490636319247568675e+00
-1.529732211233312933e+00,1.505486840410233507e+00,2.096050747302376394e+00
-4.322445672193044736e-02,-1.892891394999157484e+00,2.327035412940515968e+00
-2.100689661316786694e+00,-9.981773051681240849e-01,-1.894926123700886311e+00
2.594837086566653905e+00,-8.476733218610573717e-01,-1.244295155332254765e+00
2.958297226468388885e+00,2.539383921345321482e-02,4.978279550200441217e-01
2.185769520754036854e+00,-9.152400859660934085e-01,-1.839768242791315789e+00
-1.012676916703826757e+00,2.729034441984250492e+00,7.258487975046481466e-01
-1.771726787536619607e+00,1.360103347729973766e+00,2.002773844900838096e+00
-1.295951880071115170e+00,1.752020075290277701e+00,2.061779420869262580e+00
9.600371586013504988e-02,2.225251449558975025e+00,2.009736120185116715e+00
2.557313457512456201e-01,8.460260232662919488e-02,2.987882842160953789e+00
1.855068581317160126e+00,1.989786892624346160e-01,2.349282452117952946e+00
1.106930367727356895e-01,2.240675369767571201e+00,-1.991763273817194424e+00
-9.189323521624487290e-01,-2.835717587518174376e+00,3.380371222059718739e-01
2.522122733576216191e+00,-2.168710632635610647e-02,1.624323424136100424e+00
-2.237027449843463689e+00,-1.463201132062277088e+00,-1.361892299625237834e+00
6.156356001936678091e-01,-1.968684056315923803e+00,2.178365417964043704e+00
2.560562812615610806e+00,6.907561383409076550e-01,-1.402274595075582830e+00
8.366865876903523125e-02,2.201758219532553351e+00,2.035991232363398851e+00
-2.010391712904578743e+00,6.348922954788674966e-01,-2.134300103974642315e+00
-1.878483111093812274e+00,2.167605390467672866e+00,-8.790836550356282419e-01
2.236883171919664015e+00,-1.989801306322977359e+00,1.924693132371921855e-01
6.373529544381044687e-01,-2.908287465817338546e+00,-3.683004583743867966e-01
2.879901007227183118e+00,-7.190033504344129911e-01,-4.349762874409875968e-01
-2.948014851637094313e+00,4.493670209592146580e-01,3.275327693550099672e-01
-2.542374172477773753e-01,1.837253619459563669e+00,-2.357936062206503536e+00
1.660781871246197694e+00,2.205240126016140501e+00,1.174188895684291190e+00
2.320402096319133634e+00,-4.200669865759227850e-01,-1.854529007103095317e+00
2.647000087015279224e+00,5.292867292189786799e-01,1.308910271032273531e+00
-1.298911995310358503e+00,-2.023383842028324830e-01,-2.696643618781883411e+00
1.968400804504113921e+00,1.324715945248475579e+00,-1.835899217612991574e+00
1.479208408188601220e+00,-4.308296924099985215e-01,2.574165546596032250e+00
-2.765169691694200349e+00,-5.553861236909897192e-01,1.022439646016965575e+00
-9.984772186676041938e-01,-2.827341078891535187e+00,9.584188757664952041e-02
2.731269013568216497e+00,-5.886751259411480142e-01,-1.092534288532984288e+00
-2.671298635903332830e+00,-5.652614931458098679e-01,-1.242836691680593741e+00
-2.533064071575192103e-02,-1.852653908306566510e+00,2.359455838679193285e+00
-1.377030051155346602e+00,-2.281329238882775279e+00,-1.378160056754526686e+00
-1.980847953305498566e+00,-2.156520428430599434e+00,-6.524270285993062357e-01
-1.325237819225735247e-01,-1.294374958601362868e+00,2.703152033047837577e+00
-8.412081114915879176e-01,-2.829673707315933928e+00,-5.341494390951422311e-01
1.656154301241453408e-01,-6.430949956083409358e-01,2.925576927022822460e+00
-1.647714901135958865e+00,-1.280042835572203774e+00,-2.155580187252329694e+00
-2.655276907742253556e+00,3.946187081189392876e-01,1.339320954220188487e+00
1.189735429000486455e+00,-2.745672050774524031e+00,-2.140434502073082501e-01
8.457926636604848891e-01,1.487075815195620931e+00,2.464394507776379140e+00
2.227691872406007523e+00,1.176715057037770240e+00,-1.628720539612861673e+00
1.190256964605570067e+00,2.638200954748286087e+00,-7.894200913158759825e-01
-8.418518189674746299e-01,1.665471672337974995e+00,-2.348933720550859583e+00
-1.594895595908317754e-01,-2.646170928586734306e+00,1.404401116876493605e+00
1.285908820695733645e+00,1.605928342630851935e+00,2.183445136290773192e+00
-2.974746825674910999e-01,-2.952934808461876504e+00,4.378182616172952013e-01
-1.543007117043149412e+00,2.548916758415644690e+00,-3.495030692598705135e-01
-1.793401351121459708e+00,1.662237515158910606e+00,-1.738009791973006646e+00
-2.753710524383496949e+00,-5.793163566042056623e-01,1.039937934143376541e+00
-4.894124986920211362e-01,-2.514058058429209819e+00,1.562045929213089268e+00
3.864207522306308817e-01,8.410909139057967110e-01,-2.853637166282816828e+00
-1.994900810365412669e+00,1.978835389073152040e+00,-1.050990608785409064e+00
2.051425336395899635e+00,-1.786489846146403604e+00,-1.264953801057086213e+00
2.361308746475253573e-01,-1.264471043777600778e-01,-2.988018296435393850e+00
-2.902892628482265369e+00,2.784180271731294676e-01,7.040580868425185823e-01
1.235744708093885480e+00,2.480263047211441751e+00,-1.149447794836881087e+00
-1.491952903530844754e+00,-2.570445619511247504e+00,-4.085166468839699361e-01
1.675926628923625872e+00,3.976870709086909317e-01,2.456239998065489871e+00
-8.462156234938307264e-01,8.102747756887589414e-01,2.761770067626462932e+00
3.132488904162754051e-01,2.983564528865009891e+00,1.475922597839901540e-02
-3.408157741518780814e-01,2.937402324956055022e+00,5.054821356210497107e-01
-1.101618195486508300e+00,-2.029080456551505054e-02,-2.790345074470742315e+00
-4.988032700235018324e-01,2.947338360038941119e+00,-2.537555699030584200e-01
-2.990977486828225285e+00,-2.323932862738594118e-01,-6.858117930579230373e-03
2.055429907961793479e+00,1.387324208937828596e+00,1.688354060246606503e+00
2.513193867204648324e+00,-9.323456166078717411e-01,1.347066530293523412e+00
1.058171653923003941e+00,2.807161973280521305e+00,1.069610217157000893e-02
-7.365706961688521792e-01,4.677977611422748372e-01,2.870301180053342005e+00
1.009190606712994542e+00,2.206345879662225506e+00,-1.764531716524182503e+00
3.185169677148114165e-01,-1.767925058749086453e+00,2.402704294732250112e+00
1.391688328358898108e+00,2.262888893350956110e+00,1.393749422621763268e+00
-3.381636946796804932e-01,2.035747067014086031e+00,-2.177470825233747131e+00
-2.691246301014714959e+00,-1.309657255428582801e+00,-2.049175946030115658e-01
1.501981476911707025e+00,-2.190464631892437009e+00,1.394961053019924346e+00
-1.393654510399761515e+00,-2.646970845074065437e+00,-2.264342089223435051e-01
1.959157406443929661e+00,2.177842879130596820e+00,-6.470723689016926183e-01
8.839810988441507145e-02,2.806157520549345641e+00,1.057197116924376346e+00
-1.601184047045165260e+00,3.905372569732544763e-01,-2.506729003782393939e+00
1.782675766711129928e+00,-1.556507343281094524e+00,-1.843733169711093023e+00
-2.270917228685149780e+00,7.935699604593415835e-01,1.792534981058255150e+00
-2.824875087056912260e-01,-7.801575574836046023e-01,2.882976758998668565e+00
-2.359062689039501670e+00,1.791814992174898036e+00,4.735211325790913417e-01
-1.567202136925984313e+00,1.279217041559589818e+00,-2.215283553543012651e+00
-1.745146757248789704e-01,-1.333256938438512895e+00,2.681784958579304767e+00
1.814163852040662883e+00,-1.493356306516798737e+00,1.865126392429073299e+00
1.857534701463345428e+00,-2.165068906210875443e+00,9.284618808644335974e-01
1.060348916213353476e+00,8.917656060561133247e-01,-2.660904785921611726e+00
-1.517857349601131611e+00,-2.174346524942842418e+00,-1.402970511354680205e+00
-2.331225278332593742e+00,1.888075790325136172e+00,-2.363285110251959337e-02
-1.882218616120348298e-01,-2.868947138944540676e+00,-8.565715642917611783e-01
-2.283976442952467600e+00,1.917292792450241645e+00,-3.277803472701620313e-01
-3.665046063576840041e-01,2.852295756775072189e+00,-8.544491145770574114e-01
1.241556719561559108e+00,-2.676831863003594769e+00,5.413945782146721841e-01
-1.597123744646651078e+00,2.526110722871254044e+00,-2.606920790525265597e-01
-2.367077399625623801e+00,-1.710991480657426900e+00,-6.851662114401889658e-01
1.563886826556635246e+00,-1.677394358467435342e+00,-1.934064673144163526e+00
-2.302327425961221419e+00,-1.026626441081846419e+00,1.626445994842250276e+00
-2.357647762103137090e+00,-1.142156074292932422e+00,1.461840118414400091e+00
2.047749664132460179e+00,2.573224431367295284e-01,-2.177270418047225764e+00
1.332222284340109919e-01,1.733829382524622487e+00,2.444603753197102769e+00
6.850804831590586730e-01,-2.233757541422713100e+00,1.881752368865708513e+00
2.244155765338115671e+00,1.595638642107098493e+00,1.190673013347624210e+00
-1.982570969773402414e+00,-1.764394023938751443e+00,-1.398687269585653592e+00
-1.016321549385339695e+00,-2.314839154237023244e+00,1.615119252026365082e+00
-6.371007327309735624e-01,-7.125888883802060647e-01,2.843645500499441425e+00
-2.330808202887090896e+00,3.946595862397178633e-01,1.847045460280646978e+00
-2.041181099314792746e+00,2.187494088578514351e+00,-2.201120901588778933e-01
2.270029646974164095e+00,-4.294053693408349526e-01,1.913785889445215105e+00
-7.083296491347162993e-02,-2.962712927075863423e+00,-4.661703581515395101e-01
5.207583364972979689e-01,1.605852670974074747e-01,-2.950088664253978088e+00
4.116637090397032295e-01,-1.656256560023021462e+00,-2.467254992504905875e+00
-2.149941553312254339e+00,-2.090174245477269821e+00,-9.446131951659386683e-02
-1.385922512051792399e+00,2.386807792814681140e+00,1.175741192077219610e+00
-5.571459495444738286e-01,2.625340318291860875e+00,1.340588156018609922e+00
-1.609485437458201718e+00,-5.792722340229440325e-01,-2.464548702196823982e+00
-2.527185697540117015e+00,4.985130350358341067e-01,1.537796216684133244e+00
2.409161055741724511e-01,1.295169077012626513e+00,2.695272990260028312e+00
-1.160214081169154143e+00,2.305110261505088687e+00,-1.529826777174708941e+00
-5.449196920345796835e-01,-6.778117280427452540e-01,2.871172894578215118e+00
-6.395254506570202668e-01,-2.929813631509461835e+00,8.484858621847844729e-02
1.849208345391441244e-02,6.056271122923626571e-01,2.938175257486514980e+00
-2.938942976920136285e+00,-5.668763415899706892e-01,-2.031388484691617757e-01
-5.018175532765454250e-01,-7.694723286286151431e-01,-2.855887161408587005e+00
4.798714601468411223e-01,-2.992086794866229416e-01,2.946217498396276113e+00
2.342086372359761803e+00,1.707437032660937160e+00,-7.741383622484441229e-01
1.799098862336236504e+00,5.170264967611393203e-01,2.344339328081018969e+00
-8.858271465291195357e-01,4.043422001382211972e-01,-2.837572492758460019e+00
-2.970069831843580310e+00,-7.451229374828709229e-02,-4.160926724336955207e-01
1.708870899216483163e+00,-2.353976109730949950e+00,-7.338642412783105140e-01
1.035341214001866295e+00,-1.208601326936933562e+00,2.543098779661423947e+00
9.701526358473927525e-01,6.723655646074215841e-01,2.758029805982614491e+00
-5.488817859382707498e-01,-2.418533779077998158e+00,-1.688023443120359346e+00
-2.664753903674273783e+00,3.479872870002889695e-01,-1.333413469610569502e+00
1.019505694271749530e+00,8.942515728570303857e-01,-2.675989959583220390e+00
9.953661253782609686e-01,-2.635135111018174658e+00,1.032138180249476678e+00
-8.915652209789570737e-01,2.502546737251762465e+00,1.393689809323187090e+00
1.891890299361507433e+00,1.919254931751985804e+00,-1.318033232558081913e+00
-1.154461109356004656e+00,1.065087478574519908e+00,2.555935877514980525e+00
3.408555552014923273e-02,-2.941026297322073102e+00,5.909335777944062507e-01
2.379663720645535552e+00,1.254387029699865819e+00,1.328048853154203401e+00
8.821279923524746325e-01,4.992508460232513157e-01,2.823579075898753565e+00
-1.595981879498339140e+00,-3.906293250622587254e-01,2.510029993986994779e+00
-7.841104807956447154e-01,-1.045293307987096743e+00,-2.700468969305852784e+00
1.046881376855820944e+00,1.763631608649186111e+00,-2.189438953651356101e+00
6.467116340709975209e-01,2.851570337487520757e+00,-6.710519150695622992e-01
-2.932285277646610400e+00,-2.676842948468468597e-01,-5.744981886736348908e-01
2.005491948794079216e-01,-2.417897976855460040e+00,1.764525260219159897e+00
-7.482009358727319537e-01,-5.147142413343115397e-01,-2.859241964109860312e+00
1.853235294991123494e+00,-1.575665554560065740e+00,1.755789566426479320e+00
-2.478597496066170969e+00,1.126764557986299264e+00,-1.259744451609311700e+00
1.826245792728048434e+00,-2.323301613822399414e+00,5.168132310161337450e-01
2.112157725592195945e+00,-6.391754867799722684e-01,2.032300282763546129e+00
-9.616570300900721957e-01,2.206638493546428492e+00,1.790520124231361976e+00
1.199119087562195540e+00,-1.808240282326800674e+00,-2.071806094984446567e+00
-7.658313893131999395e-01,2.119943663587718241e+00,-1.979732594659414424e+00
-2.263831696553904926e+00,4.949354569805340942e-01,1.905283428548450342e+00
2.583981863687736968e+00,1.506790469112528896e+00,2.293909551932963586e-01
1.840106417711279585e+00,1.467102423226333219e+00,1.860542622801526491e+00
2.280389910112142093e+00,1.359033635526901485e+00,-1.397443893458792941e+00
1.159019410882578427e+00,-2.185885514249305217e+00,1.696637416713557167e+00
1.710203614242253201e+00,-2.286956850565408761e+00,9.192562001339346089e-01
2.882234543769505830e+00,1.046863259511671834e-01,8.256905036759442096e-01
-8.123873084680044432e-01,2.866517910273790548e+00,3.508588478572139957e-01
1.460347299719980452e+00,1.340067144012078160e+00,-2.252022605068580319e+00
-2.944319002624065096e+00,-4.514296291031716923e-01,3.566467450497838865e-01
-2.876942758149001023e+00,-8.137541373692781521e-01,2.469910327287196949e-01
1.675974541788926686e+00,-2.387741810472708170e+00,6.998559721799268996e-01
-3.950296895778316331e-01,-2.223349467160013138e+00,-1.975011061040248039e+00
2.365584461317873810e+00,-1.220978484560802935e+00,-1.383192573942987780e+00
-1.309451433924931019e+00,2.475638697904629648e+00,1.075430137028441369e+00
2.393971061991843730e+00,-5.461784480681607379e-01,1.723540442580764331e+00
3.282160905586283262e-01,-2.975957083479338738e+00,-1.896144382360137604e-01
4.599851628389434177e-01,2.044024512760054701e+00,-2.147178949506550083e+00
-9.897041905783852123e-01,-1.927543580986851524e+00,2.074864178337456622e+00
-2.290559610872472174e+00,1.935024782069052707e+00,-9.495136554238495230e-02
2.219094360976793467e+00,-5.503460671964680584e-01,-1.942354093208130461e+00
1.217795988844136312e+00,6.180418625743216987e-01,-2.671141551034088124e+00
-1.640241947534238243e+00,-2.394704171139175664e+00,7.582864144093069969e-01
1.364237531010742133e-01,-2.995192496158926243e+00,1.010468729999978998e-01
8.420336722467732793e-01,-5.916256371246281232e-01,-2.817970617359146779e+00
2.115816267951398544e+00,1.227034166577818830e+00,1.737155339721491831e+00
2.485336541125545029e+00,7.136758489598681310e-01,1.521107839687089180e+00
-5.218610189522848719e-01,-3.140511021353293852e-01,-2.937521571349845928e+00
-9.505545243245931974e-01,1.776430444839998124e-01,2.839874829113512522e+00
7.771812737579376629e-01,2.570211416562071083e+00,1.337909765976009746e+00
1.486414870626261653e+00,-7.703491644681628170e-01,2.489404145008262237e+00
-1.702770157791844818e+00,-1.804933418088167929e-01,-2.463330254613908199e+00
-3.920282558342327861e-01,-2.073285799851481315e+00,-2.132557112661176202e+00
-2.823444274692463729e-01,1.274001169279316281e+00,2.701333493841883815e+00
2.794634358824170217e+00,-1.054472372428987725e+00,2.794759672376151416e-01
-1.173843337923936136e+00,2.743622406375025857e+00,3.076164970356838335e-01
-1.660984036205897407e+00,1.179589615480620246e+00,-2.202203526134550504e+00
-2.989162257211429363e+00,-2.022579069669618035e-01,1.549217193682549953e-01
7.437908898442227024e-01,1.067488464636510564e-01,-2.904372530506963201e+00
1.154075104892358761e+00,-1.574761002531511744e+00,-2.277770497037319597e+00
-1.264992839248826328e+00,1.415477022177213273e+00,-2.322976090349946343e+00
-2.330980907844593109e+00,-1.826174363166034542e+00,4.812641713021267309e-01
9.641238477979240107e-02,-2.757588676435271946e+00,1.177458850090752573e+00
2.738520592117065888e+00,-8.518587054477289033e-02,1.221985406627395854e+00
2.662666902879415876e+00,5.508362835580007943e-02,-1.381003533014198759e+00
2.554790045158510381e+00,-1.572292922818766758e+00,-3.070488581633698533e-02
-1.937189112067215502e-01,1.538904846300355622e+00,2.567926178353685085e+00
2.892335342796262587e+00,-7.459744410843385243e-01,2.791386717395759609e-01
2.988870438729475332e+00,-2.394011045733280552e-01,-9.664683966972173468e-02
-9.147424178533576367e-01,1.006751554716517560e+00,-2.673891848234641433e+00
-2.411395436861119013e+00,1.757856426830987306e+00,3.084036798327223772e-01
1.292979643140812929e+00,-5.973708197755982496e-01,-2.640331749251234594e+00
-1.201098422419820011e+00,1.909497225127125386e+00,-1.977671086630035990e+00
-2.260118832119320853e+00,-1.933078055218084845e+00,-3.937919465071176850e-01
1.659675827287387051e+00,-8.398647429041665724e-01,2.353742416226644707e+00
-5.578152754666535484e-01,1.419547685419074057e+00,-2.583355664107714666e+00
1.439387798997701085e+00,-2.344079673964610144e+00,1.197269078445826640e+00
1.135453763866283022e-01,-1.156851088916849291e+00,-2.765646941598496777e+00
3.121155541142264234e-01,-2.726967654265525454e+00,-1.210880379504740922e+00
-2.498310658316420074e+00,-1.450131097445158446e+00,-8.096688550049804256e-01
2.174945702005804282e+00,-2.052035802073583159e+00,2.424051574012156263e-01
-2.948932339720002016e+00,2.599213554438332685e-01,-4.860441798208847697e-01
2.200878516220738934e+00,1.804525133243820578e+00,9.485899010264500220e-01
1.817266928978799045e+00,1.032817815842016040e+00,2.151935934947714291e+00
-2.866182850097561463e+00,7.550663699821434927e-01,-4.635414185686207444e-01
1.152984873141130073e+00,-2.761496989096515087e+00,-2.115662107204612230e-01
-8.312052042249201689e-02,-2.570770766519618000e+00,-1.544094765580413364e+00
3.125858142022632791e-01,-1.996066883270386283e+00,-2.217658022840932386e+00
2.276139719937416039e+00,-8.957709404533199526e-01,-1.736888711910638650e+00
-1.325211469265254349e+00,1.702921340678454687e+00,-2.084196120615744885e+00
4.829083697898040595e-01,-2.683989931431494114e+00,-1.250199005903186000e+00
-1.693156871241759065e+00,-1.645237240232791942e+00,-1.851057598433394125e+00
-1.627865495610760105e+00,2.519907049860074189e+00,1.106292300585163570e-02
1.231804190949544964e+00,-2.318834289342320609e+00,1.451091304408317795e+00
2.535406573408591324e+00,1.552936250678845997e+00,-4.001281155380539412e-01
-1.487213606957681122e+00,1.467485105097535936e+00,-2.152831427120293295e+00
-1.425798207620589508e+00,-2.246257103194858384e+00,-1.386156014845571605e+00
-3.569231943826653985e-01,-2.904699437266130335e+00,-6.597931588441190431e-01
1.764988880788848302e+00,1.898396942574682056e+00,1.510265969660585572e+00
1.026325535293908242e+00,-2.162034087584788100e+00,-1.808940159243827672e+00
-2.595405858264948407e+00,7.277903930129817067e-02,1.502854498054408294e+00
1.202814796388821161e+00,7.021136899220339345e-01,2.657117410279829173e+00
2.129779316313313853e+00,-4.374448634322248286e-01,-2.067046698858241438e+00
-1.647690239710254634e+00,1.925118805437280090e+00,1.605937252483827127e+00
-5.136924941927707017e-02,-9.891272557837582635e-01,2.831781854606705284e+00
-1.226103260000612094e+00,-9.670681437708809891e-02,2.736296509493974405e+00
2.807499315131835260e+00,-1.008784350883739300e+00,3.167044820433561059e-01
8.857721092543024977e-01,5.475399450969792303e-01,2.813468993785142480e+00
-2.772305540892336051e+00,-7.154551110045838103e-01,8.957934874038046003e-01
2.757376506970548480e+00,3.410538034794138862e-01,1.131617029714170553e+00
9.441469531222570488e-01,-1.571938936080716331e+00,2.374361916840687314e+00
1.115558480155021348e+00,1.422456033246731755e+00,2.394190491760042061e+00
2.241923728340226685e+00,-1.499481618566900654e+00,1.313519269704500836e+00
-2.542084892738539104e+00,-1.580576594651561750e+00,-1.989523223040184086e-01
-2.059258924712187577e-01,2.968084186191568108e+00,-3.847996757917924171e-01
-1.099270985181121985e+00,-1.288248720063346564e+00,2.476291286661178592e+00
1.938551466827115544e+00,2.288367338108477700e+00,-7.343797614830521736e-02
2.622668256916610652e+00,-1.191355353287328667e+00,8.380236490431590690e-01
-2.981404106376777108e+00,-2.433134493621630923e-01,2.280967335127309370e-01
1.951411661704008371e-01,2.979081173499273927e+00,-2.949496346291065052e-01
-2.634146051014756296e+00,-1.405120076720524525e+00,-2.948086700222221079e-01
1.159791316815428130e+00,-1.730309641275242116e+00,2.158914691864752378e+00
7.329257236753751181e-01,-2.036049850042765730e+00,-2.077816375841657237e+00
-1.155629944966962835e-01,-2.233077314097735577e+00,2.000002725889392430e+00
1.241918623895047036e+00,-2.072272761922071105e+00,1.778573510378051337e+00
-1.413277573666504416e+00,2.539955943776758485e+00,7.424757931706822411e-01
-1.498288679228092946e+00,2.506903303110524561e+00,6.859787624631540348e-01
2.072661602273071502e+00,-2.124229498925507276e+00,4.378617571306169798e-01
-1.929283224054131329e-01,2.355583527149157863e+00,1.847702602974127251e+00
-1.675868493706330842e+00,-1.241313017106505434e+00,2.156526555682637181e+00
2.912104773659127233e+00,3.872986175218295357e-01,-6.079848419964110073e-01
-2.372911191366034789e+00,1.503189777185522935e+00,-1.053429148853763042e+00
-1.007206662503147498e+00,1.535997962927068361e+00,-2.371970698995492732e+00
-6.568065048746017931e-01,1.060313383431409351e+00,2.728431920365733898e+00
-3.573872132693259318e-01,1.436346322600555503e+00,-2.609441246961396121e+00
-1.425309233585072555e+00,2.148179226589216562e+00,-1.534216281724218423e+00
-8.898649118626210663e-01,1.203841837256234282e+00,-2.599789466381319247e+00
2.526155599859798428e+00,-1.602198219410196245e+00,2.269333625004903432e-01
4.956104330844892519e-02,-1.652336962549799004e+00,-2.503462854762954493e+00
7.523901552275140681e-01,7.223186025520758058e-01,2.812857069017893341e+00
1.336841354835363038e+00,-2.636869432545469599e-02,-2.685546477713897318e+00
-1.195973294039610835e+00,-1.255540319774222313e+00,2.448114863597148805e+00
1.223928403619858996e+00,1.817523763467714826e+00,-2.049050178019732549e+00
-2.006815438637628901e+00,1.538207685021781623e+00,1.614499585935404991e+00
-2.622776059541774174e+00,1.435539543681823904e+00,-2.455034827050485424e-01
-1.323152833819622343e+00,6.492823582851478537e-02,2.691663222349204077e+00
-2.477808797748944247e+00,-5.569506665275723023e-01,-1.596956329037342748e+00
-1.654652975025763695e+00,1.467419604758421814e+00,2.027018311661004102e+00
-2.929317783493984653e-02,-2.998937061953583783e+00,7.428598907962832842e-02
7.237225270883045347e-01,2.488602025068240131e+00,1.510988307238402495e+00
2.761196700135403859e+00,-1.034919420367147236e+00,-5.520276954177982809e-01
5.427132115419606162e-01,2.301617164643015023e+00,1.846082554339989246e+00
-2.857596374082090218e+00,4.274245140316479397e-02,9.123135676295393015e-01
4.525922003463231369e-02,1.160989220960491064e+00,-2.765873394032237531e+00
-1.954791414195446997e+00,2.250110657350532062e+00,-3.402830537439714420e-01
-2.255455801671434557e+00,-1.669235735138546284e+00,1.061400578124557459e+00
-1.797919160269270344e+00,1.906466934677741198e+00,1.460435044812708583e+00
1.752197823811253219e+00,2.294522134800744073e+00,-8.154575152272138805e-01
-1.892074370453346699e+00,2.263754435758286387e+00,5.435719191222562197e-01
-7.993491365848154340e-01,2.686994539164517803e+00,-1.068223433716547932e+00
-2.667033672091077556e-01,-2.922332368142026127e+00,-6.235726453499526034e-01
-9.414848367706468713e-01,-2.189770604327150316e+00,1.821678073248853114e+00
-1.163646560690039466e+00,-2.158144479123022652e+00,-1.728681315056381784e+00
1.184879277103772832e+00,1.050110694389457588e+00,2.548201057259597668e+00
-9.348362734093311754e-01,2.681177460004947388e+00,-9.681779639506230550e-01
6.769329567195778719e-01,-2.499121717695536038e+00,-1.515306045737759177e+00
-7.223163815853035352e-01,2.530129502152745236e+00,-1.441077287042514588e+00
3.504354122659628090e-01,1.470757138854173807e+00,-2.591151956242526033e+00
2.689944565735283177e+00,7.902213997891808228e-01,1.067589983367418727e+00
-2.191404053057006140e-01,2.990207019231388319e+00,1.031477818558773629e-01
-3.668691818488737932e-01,1.507619065018172666e+00,-2.567584810323364941e+00
1.408437843857306859e+00,-2.250488722705388689e+00,1.396997977438209304e+00
2.522936530900592889e+00,1.580450085468005028e+00,-3.700929456115781835e-01
-2.306802185849234466e+00,1.916134429594679389e+00,8.421711870555333157e-02
-1.237019260884348215e+00,1.996317598841664820e+00,-1.866681384906430541e+00
2.956712670319406655e+00,-4.253724429746270630e-01,2.773237637319997395e-01
-7.486562676919357173e-01,-2.778159251506855831e+00,-8.493202965386190684e-01
-8.816395533052231448e-01,2.699678596624058180e+00,9.666680779759520004e-01
-1.999735942558046986e+00,4.610365059608749760e-01,-2.188264495030906254e+00
-2.787933759674385392e+00,-7.104342556042327894e-01,-8.501226500522762741e-01
1.616426112957204619e+00,-1.540996688625555944e+00,-2.003121520775795084e+00
-2.212775747820357353e+00,-1.301076078044503870e+00,1.552683009824732618e+00
2.245138294537008861e+00,7.655488390878119054e-01,1.836651576476810988e+00
1.960521223792335510e+00,-1.160319309363413876e+00,1.951926133689032339e+00
-1.186768344885261284e+00,1.839017773606899997e+00,2.051729642018221167e+00
-1.322065470392995268e+00,-4.867450326968596891e-02,-2.692540377547938846e+00
1.706332608646621840e-01,2.809820936438556682e+00,-1.037203256569435350e+00
-3.288053482390180249e-01,2.435356917086736406e+00,-1.720733485862120826e+00
-1.049268106939515999e+00,-1.028058152685126014e+00,-2.615747096807566230e+00
1.978553613042713044e+00,-2.160194407423103868e+00,-6.472138150978939963e-01
-2.604275181457740285e+00,5.431706115589308298e-02,-1.488220560303694207e+00
-2.154311101472264678e+00,-1.967217404086287313e+00,6.992848941120959338e-01
-1.888614554912702470e+00,5.408986657003409665e-02,-2.330280959306480604e+00
2.068781212492048383e+00,2.051051157919459467e+00,-7.164729181463691532e-01
-2.845152210465909270e+00,-2.042972405188167306e-01,9.291778822148890615e-01
-2.571567920194095525e+00,-1.420055207847325862e+00,-6.086720286774335298e-01
2.430592851891969275e+00,1.752379444291488397e+00,-1.462349874562126895e-01
2.035927371373148720e+00,1.976781568470369788e+00,-9.733110340736115251e-01
2.832925748629548490e+00,-9.717015481396189536e-01,1.741487987175963370e-01
2.109157620342737793e+00,9.251700413383034949e-02,2.131406750598360045e+00
6.329547774783483849e-01,2.629512590223661572e+00,-1.298087742613180495e+00
-2.762441718457886441e-01,2.882564266429510358e+00,7.839084177535881048e-01
-6.478302382097734791e-01,2.028721283465014569e+00,2.112961413863758242e+00
-2.158470864560489755e+00,-1.031539187096015331e+00,-1.810229386660371365e+00
9.781159668073148572e-02,2.753163033856917963e+00,1.187655758441197751e+00
-6.778142165176624934e-01,2.208971359999824635e+00,-1.913377489829717781e+00
-2.461704214030686552e-02,1.540955426489605928e+00,2.573878469316004391e+00
-1.365902520541778298e+00,2.512005131533989299e+00,-9.078218567122753324e-01
-1.925844377482097691e+00,9.349436121674095101e-01,2.101666927890322611e+00
2.985579426262340963e+00,-2.460933946742472900e-01,1.604790658520241775e-01
-7.518366790539449118e-01,-2.229400442379593450e+00,1.861320841646278312e+00
-2.244001670481018174e+00,-1.960065583088598240e+00,3.501419895841602070e-01
2.442624192982507658e+00,2.338903526077891482e-01,-1.725943902568550126e+00
-2.645925915302693276e+00,8.723268710660228020e-01,1.112709252565900808e+00
-1.333455394203201250e+00,2.246136459552102949e+00,-1.475387310756443027e+00
-7.719841011173471657e-01,2.843077263747014527e+00,5.665264512684540232e-01
8.915890023527023311e-01,1.752769433470662552e-01,-2.859081503562747706e+00
-1.688167634873588341e+00,-2.340246021565131507e+00,-8.205721145115099091e-01
-1.747902047952465843e+00,2.386534542417714011e+00,4.992908056540265038e-01
-2.334303484816240282e+00,-5.414500161925515226e-02,-1.883638914328966241e+00
-1.651426430515186672e+00,-9.479744072888817152e-01,-2.318218123413144927e+00
-1.548753897638680266e-01,2.922209916830748266e+00,6.608349382572948905e-01
-1.546414019072902324e+00,2.245522076890919205e+00,1.251492822116965442e+00
1.198768229902207549e+00,-4.784809474093905113e-01,-2.708137868341148558e+00
-1.477343649427224959e+00,-9.136963389214951548e-01,2.445938417405169485e+00
-5.015847810112449290e-01,1.965273748456070946e+00,-2.210455111755795343e+00
-2.807461360903646952e+00,-1.006000281138186292e+00,3.257670047486906362e-01
2.074528391501645253e+00,1.068710231699242730e+00,1.885256055159337141e+00
3.179714113043967672e-01,2.507207421256148372e+00,1.616417374439901300e+00
-1.941643245894258296e+00,-1.485610232674332787e+00,-1.738672983124349036e+00
2.369523992202478002e+00,1.745867291515774467e+00,-5.807783146711029687e-01
-5.029055698721578427e-01,1.003880182684544486e+00,2.781961640031149763e+00
-2.670693547778152155e+00,8.853430102703618854e-01,-1.040943671877380350e+00
-7.233585408722474908e-01,-1.784667851017301965e+00,2.300372379179609794e+00
-2.351804773536819937e+00,8.998269734218117266e-01,1.630743917686638955e+00
-9.637351694840354810e-01,-1.495378301825665668e+00,-2.415586524537791213e+00
-1.488136242360219574e+00,5.398814650369945234e-01,-2.548328575337865054e+00
2.253588378056481822e+00,7.223250293280177037e-02,-1.978919373751446553e+00
2.858200882080735639e+00,-7.023349269388796667e-01,-5.808729362559977849e-01
-1.146946380784245489e+00,3.695509235909518742e-01,-2.747352564648191553e+00
1.744554217551767428e+00,-1.574561133975378890e+00,-1.864748727683306573e+00
1.468931681549683343e+00,-2.447560355722776304e+00,-9.228694490738197365e-01
4.374429506173518334e-01,2.155612482883699776e+00,2.040092764702418293e+00
-2.003219969256553323e-01,2.973134559997777426e+00,-3.469034241608752733e-01
-1.457177657854474173e+00,1.129061590552725702e+00,2.366823440434097314e+00
2.141530973649400593e+00,2.042490596372486866e+00,-4.920134679358020291e-01
-2.318306962566749174e+00,-1.144975614300206335e+00,1.521342719433197876e+00
-2.358379966250590876e+00,8.793552004026201629e-01,1.632414887923021141e+00
1.656494153541780756e+00,-1.167513730247930814e+00,-2.211998826619141933e+00
-2.112201775734183329e+00,2.128895446773445332e+00,8.004895560003180699e-02
2.612790413895163866e+00,-1.036342981526249485e+00,-1.048484371699846207e+00
2.457230812340115644e+00,-1.700114500155035957e+00,-2.676329973096110981e-01
1.471077981725013029e+00,-8.072624366984216815e-01,-2.486816625724459939e+00
-2.790150826222647762e+00,-7.182472493102127764e-01,8.361693941943748598e-01
-1.231120100236346326e+00,6.650934366723635360e-01,-2.653675567828402304e+00
1.173381541344197032e+00,1.226711815887246537e+00,-2.473530650546972964e+00
-1.591760226971858927e+00,2.339172788171907769e+00,-9.972813278641885493e-01
-1.211270451847208163e+00,2.743890084705196575e+00,6.237864649356928554e-02
9.935695896141891192e-02,1.015086151644483570e+00,-2.821299044668170275e+00
2.332690881330064858e+00,-1.043683699993784630e+00,-1.571393517400033524e+00
-2.551858464119551861e+00,-1.269670702516864758e+00,9.359245088530017131e-01
2.581539823797396771e+00,-7.285281184801566390e-01,1.343465265175050494e+00
-1.387275749066808173e+00,-2.601964792226257206e+00,5.524900144492177478e-01
-1.515482550692250463e+00,-3.332179251516585450e-01,-2.567543271866111088e+00
1.251027432997015687e+00,-1.683967086414900893e-01,2.721501958552962286e+00
5.847431038517433288e-01,2.282004492154349418e+00,1.857560497072759942e+00
-2.717855868117382112e+00,1.202021935032799638e+00,4.103690385980839905e-01
-2.206340108925220367e+00,1.550266662542636731e-01,-2.026827584304578878e+00
2.356806495871644369e+00,-2.985428301800960305e-01,1.832030381725499479e+00
-1.876497775608553464e+00,-2.268184609583499878e+00,5.780092343420610845e-01
-4.216959096962856479e-02,-2.167225964396559235e+00,2.073970430079189242e+00
-1.567592288795489619e+00,9.148889046064382358e-01,2.388646626928510486e+00
1.141761176716687531e+00,2.774218963687050454e+00,-9.516136909127032029e-03
-2.460746128989200532e+00,1.715810417781730823e+00,2.689049825398111965e-02
-2.961752367012866038e+00,-1.991271518963750597e-01,-4.340176193097736723e-01
2.774779513212168425e+00,1.617453586536503063e-01,-1.128909691699049755e+00
-1.234683274660318464e+00,1.484625309748206723e+00,-2.295962739447030998e+00
1.431323604886874046e+00,-1.240352654500133767e+00,-2.326550672254553476e+00
2.971507003157189519e+00,9.943522866013106143e-02,4.003233261865775106e-01
1.816354281979757568e+00,2.343093396263030925e+00,-4.590974392461529274e-01
2.049769962295066250e+00,-2.146695960353054655e+00,4.360499460804466154e-01
2.222039335659663495e-01,1.826804689105021140e+00,-2.369263607066912858e+00
-1.950781868975165700e+00,8.581216541770319006e-01,-2.111415952935431051e+00
6.673027421315604890e-01,-1.709786750167219482e+00,2.373043682551233324e+00
1.053870042018736575e+00,-2.367048230855838487e+00,1.512098081255865756e+00
-9.688697846095875033e-01,3.221622710790674748e-01,-2.820904608731700680e+00
1.954463923422118166e+00,-1.789680012164229783e+00,-1.406099650131974688e+00
-1.142791221705251159e+00,-1.934283662686310468e+00,1.988108381315830231e+00
-1.489797204594655478e+00,-1.922245611991447722e-01,-2.596835383164236344e+00
7.610691013526983406e-01,-2.702659418341747610e+00,-1.056601103262173602e+00
6.481742467971718380e-01,-2.927752377858423127e+00,-9.020066370746873674e-02
2.977276522713963480e+00,-3.232374983482891873e-01,-1.770367954911871156e-01
2.835622812812790272e+00,4.188116065297101120e-01,-8.853474468770347050e-01
-5.836933586897942172e-01,-2.858952790365672403e+00,-6.969153502985605542e-01
-2.290052682357449410e+00,1.685597788859123369e+00,-9.562524803736118795e-01
-2.696141186256058919e+00,1.254592028163403095e+00,3.960070032746995095e-01
2.643019994619925317e+00,1.388006189123767165e+00,2.964525712376384625e-01
-6.688974552414049812e-01,-4.908761005051701654e-01,2.882987486674961630e+00
1.790602032148881806e+00,1.246286023734534745e-02,-2.406987544541724144e+00
1.799728515926060979e+00,1.341996473082007979e+00,1.989980586638480320e+00
-2.756868936956429650e+00,-7.094918865583959011e-01,-9.467285394201088167e-01
1.915058645361241041e+00,-3.962603276254003659e-01,2.274978711455863056e+00
-9.547968393300062528e-01,2.252732932081521700e+00,-1.735960060692878226e+00
-2.517799964585320627e+00,1.631159591601076153e+00,-1.313416144365036177e-03
2.396698100466989168e+00,1.801953523217934228e+00,9.381745775920299901e-02
6.453497908305197983e-01,-1.554602543617214838e+00,2.483291078156946607e+00
-6.735081159092987102e-01,-6.556900880148056610e-01,2.848939684563968289e+00
-2.693464471816246486e-01,-2.937973102927772473e+00,-5.438442220559049911e-01
1.993651765555915167e+00,-3.228033365531272625e-01,2.218366661218553304e+00
-1.310229987013846742e+00,2.503269920378764724e+00,1.008432985803512372e+00
2.085776317178074102e+00,1.677367825652590128e+00,1.354981303252768665e+00
-7.586463774388357839e-01,2.569090800391645946e+00,-1.350639897730680605e+00
-2.207087543980259081e+00,2.030856570934179484e+00,6.622810204627366248e-02
2.389555196673385229e+00,4.251849696818060798e-02,1.813344462441371485e+00
-4.794468175935241439e-01,-2.871404060524725743e+00,-7.246857734919056604e-01
-1.291681874446827694e+00,-2.553333479640850001e+00,-9.011359924954044365e-01
1.740936384151500871e+00,3.928350265586456058e-01,-2.411394025920725603e+00
-2.336249566090666363e+00,1.875298578166840757e+00,1.587236833827856963e-01
5.808322738855715706e-01,-1.946267741628889603e+00,-2.207866786630864109e+00
2.223002241872958251e+00,-1.657191136128813413e+00,1.145416330843897157e+00
2.577739776184027942e+00,4.094415649471307983e-01,1.479058907269201084e+00
6.678887374679445266e-01,-2.879351840719728273e+00,5.130863589176654083e-01
1.649396318239888748e+00,-3.460552114852114003e-02,2.505652458598905064e+00
2.296702223608888094e+00,-1.923726920502648596e+00,1.563126079476220287e-01
-1.067122941203442865e+00,1.293147491217108369e+00,-2.487773742589187265e+00
2.820846388763891710e+00,8.360863593981364694e-01,5.863320310422093229e-01
-1.116983845299002631e+00,8.971419799926989569e-01,-2.635807913539192970e+00
-6.575474065344781849e-01,-7.462880410328960323e-01,-2.830315453791514280e+00
-2.086799478957050979e+00,-1.320110443108395648e+00,1.703694911837426273e+00
-1.308363535242486941e+00,-2.596008388074686923e+00,7.408949376893108063e-01
-2.503982930649195193e+00,3.653119947949523549e-01,1.611402069465097675e+00
-3.543612160596542604e-01,2.611287243696455818e+00,-1.433738839350071625e+00
1.128701385091792186e+00,-2.036859252499163109e+00,1.891358656839157382e+00
-1.220983076287533775e+00,-2.878254576315982249e-01,2.725134278041834612e+00
-1.477895158187899849e+00,-1.782305485054614502e+00,-1.907672157198137874e+00
4.451155803110621312e-01,2.357575792156185290e+00,1.801029845506032068e+00
2.784020744004578773e+00,1.073569904846763512e+00,3.109278957563981760e-01
-2.483937513459506086e+00,-1.477146316075034216e+00,-8.050423530066976863e-01
-9.690880339286400691e-01,2.512903366251278747e+00,1.321432954931619941e+00
1.411510286811394677e+00,2.642564187391209796e+00,1.565031173588800617e-01
-2.914879103393418269e+00,1.515186727139170297e-01,-6.931968727709272304e-01
2.724843880040607402e+00,1.254946126168122289e+00,-1.833166170509097082e-02
1.827767920488557962e+00,1.509802126917029197e-01,-2.374124976535249676e+00
1.291863362769058554e+00,2.186069610337188163e+00,1.597557107178092295e+00
2.516237985876560668e+00,-1.603021583675523054e+00,3.144331418637127951e-01
2.781425422960492444e+00,9.653410098579158216e-01,-5.760115894628717870e-01
2.748084639692473186e+00,9.143238634041904733e-01,7.823315703050248704e-01
2.351220278578624256e+00,-8.424211715546918722e-01,-1.661953600831586275e+00
-2.579468155729414680e-01,-1.426831502984857947e+00,2.626331148660760562e+00
2.401555569285932279e+00,-1.676692338450544162e-01,1.790088789879857867e+00
-1.428048727839885457e+00,1.293234523867721197e+00,-2.299613292967213951e+00
-2.448909664154757415e+00,7.839611286800659551e-01,1.545395226318533544e+00
-9.512006586040201439e-01,8.684793949807045887e-01,2.709420758679837782e+00
-3.614455744336188547e-01,-8.674713034428594982e-01,2.849008710837068747e+00
-1.072782351362558284e+00,-2.547735060682428276e+00,1.165411552703389031e+00
1.826740879803804285e+00,-6.414916768883825726e-02,2.378844812579932189e+00
2.335467365907800729e-04,7.719709333693590692e-01,-2.898975823198386426e+00
7.716090577053112964e-01,-1.691450113466684169e+00,-2.354488474323172653e+00
1.862514985275712354e+00,1.445478593838654069e+00,1.855162948200949957e+00
-2.172988501311784670e+00,-1.865682503559803695e+00,8.929444378445881014e-01
-2.313211253014316515e+00,-7.336451752177717278e-01,-1.763751245444668214e+00
1.254200542736579049e-01,-1.822950163477496943e+00,-2.379311352358778553e+00
-1.085724670009627912e+00,-1.698626519684087288e+00,2.221681770091839425e+00
-2.833872404948638568e-01,-1.071877793107911980e+00,2.787610028064689160e+00
1.051910305471255747e+00,5.903304086498628589e-01,2.746815377462900276e+00
-1.453713099773969175e-01,-2.124162932398470982e+00,2.113480309550998193e+00
1.639798337867558908e+00,-1.888651628867271670e+00,1.656519373838951870e+00
2.073380687429338121e+00,-2.147648444678647017e+00,-2.978232413100652676e-01
-2.598376506028227340e+00,-9.887080717879527247e-01,1.127340180115074864e+00
2.571398079747205134e+00,-2.744843859354768045e-01,1.520713726297625801e+00
2.516667332890250908e+00,1.194966052448550142e+00,1.112852941344273816e+00
-2.816548706068894514e+00,-7.355383895145354289e-01,-7.252838505661081125e-01
2.139971444006067980e+00,-9.202129595950830909e-01,-1.890431254458051269e+00
-1.651499581478235834e+00,7.001316209493138043e-01,-2.404654828811008116e+00
-2.654014048839850037e+00,-8.280530503756375893e-01,1.127181251762247927e+00
-2.461150734793903005e+00,-4.012460547289180557e-01,1.667854509298670962e+00
-2.522554983130050749e-02,1.225081528368501038e+00,2.738346019130162290e+00
-1.915110665004183144e+00,-2.085923546819951291e+00,9.905928011091680307e-01
2.526465396104841332e+00,-1.415945737689304984e+00,-7.823491996572247142e-01
-1.076171407557945103e-01,2.948561413227633654e+00,-5.425902168677660953e-01
-8.630830516116071160e-02,2.937068833120576539e+00,6.051260579184651878e-01
1.369105240168924098e+00,-8.305133774599787744e-01,-2.536887536175384206e+00
-2.006801258382783892e+00,-2.205650200230033775e+00,3.284142256031026275e-01
4.392654672048393882e-01,8.736150175294467024e-01,2.836166893972979608e+00
-1.242974955361331041e-01,-2.501334219427115979e+00,1.651628667505618653e+00
-4.331183170925084758e-01,-2.888573837645375342e+00,-6.845069085623758376e-01
1.915537055735059502e+00,1.790565712494266215e+00,1.457598098704084189e+00
2.909471419821310523e+00,7.312863751814725477e-01,1.401052165011083470e-02
-1.017692969314151874e+00,-2.510667488502391631e+00,1.288739610001041758e+00
2.171193454535471634e+00,1.633944086080494351e+00,1.271277195007014305e+00
5.757943840710678662e-01,8.649116069333488976e-01,2.814318521323446731e+00
-2.597980060750296971e+00,7.787992841514131126e-02,1.498143624855086120e+00
-1.529125354745417997e+00,-2.042889470449343658e+00,-1.577459432442527509e+00
1.336118017758727516e+00,-2.685616070020556911e+00,-4.748649353056395850e-02
1.005071888139524416e+00,2.084313007592918654e-01,2.818933644578289766e+00
-1.106584678564376256e+00,-9.542866177940175776e-01,-2.620077746988785705e+00
