-3.450694621609767143e+00,2.456863769333503256e-01,-1.275399442439153708e+00
-7.260292946064523800e-01,-3.011980340284844626e+00,-6.191457343914055222e-01
5.386609956757600237e+00,2.990686352062669418e+00,1.628413409640748322e+00
-1.600335972052248090e+00,4.021623357995060211e+00,1.883845331380153310e+00
2.268140372989365883e+00,2.494752334982191400e+00,-1.161286157748034897e+00
4.120832099158333151e+00,-3.716289427925993927e+00,1.923157136555131430e+00
1.586546760562836458e-02,-3.344361524643232109e+00,-1.122045386015427804e+00
1.947287759169321175e+00,3.732368539991792300e+00,1.837280754504934777e+00
-3.705932930055328978e+00,-1.513460860648811357e+00,1.733814853866707750e+00
5.687749859868278079e+00,2.138518430876504173e+00,1.685575324009464193e+00
-5.617690934791897739e+00,-3.756882519389974195e+00,-9.533633832223802340e-01
2.256452608224875700e+00,2.266105845733329183e+00,8.675115455196156233e-01
3.697988155551128031e+00,1.297331173697589435e+00,1.682657173942330608e+00
-6.115371319276715845e+00,-1.250218797174097674e+00,-1.567732217779134407e+00
-3.425096003067358286e+00,1.090628255675954172e-01,1.234966533955816015e+00
3.246187850415595655e+00,-2.447653941009633183e+00,1.768280057478176737e+00
1.403382688646969356e+00,2.664417517340758046e+00,-2.133511650901598333e-01
-5.193459035777615362e+00,3.109946992619195605e+00,1.700095544860111163e+00
-2.214731273594716665e+00,6.524765250116090876e+00,6.529871539574428896e-01
-3.808215838351727722e+00,2.918216638902442969e-02,-1.606212004736752519e+00
-3.757045407003758886e+00,5.078399750842991445e+00,1.505089061126180461e+00
-1.156942632060266263e+00,-5.546700936042125107e+00,-1.885827113943363775e+00
1.500867072822939852e+00,5.863050792998378391e+00,-1.700904618781793332e+00
-6.387379492631930056e+00,1.249332334829689195e+00,1.313273886424694004e+00
2.673377704464724669e+00,-1.797843069973537045e+00,-9.151826200496219199e-01
2.213003794895852749e+00,-3.195386965897916820e+00,1.661618932041424967e+00
-5.700565164087339376e+00,-3.866796536339744517e+00,6.590565416176623614e-01
-2.481788206817190368e+00,2.807949633043530291e+00,1.559255068395910770e+00
-5.828191506457121918e+00,1.521392645858716586e+00,-1.718273789298735643e+00
2.652113314745216499e+00,4.910495573621955323e+00,1.913774166810948252e+00
8.827163018952934870e-01,3.850380892203582928e+00,-1.702370036564253564e+00
-4.718919449005811173e-01,-3.962155922228792981e+00,-1.726331170681262961e+00
-1.214836464208353561e+00,-5.093032421345403904e+00,-1.986037277610725349e+00
-6.514135492403638317e+00,-4.163325745068591210e-02,1.306518581946618296e+00
-6.379203942586085807e-01,3.743489717734832301e+00,-1.598087411777122657e+00
2.641374125244194460e+00,2.800458176484462047e+00,-1.636025907101592125e+00
4.342449813900048028e+00,1.860468098092910694e+00,1.980894469730545726e+00
9.654431403155012970e-02,4.263710834941895733e+00,1.859969475634709157e+00
-3.247925220205331698e+00,-1.005942586092844815e+00,1.200184037458179587e+00
-9.537678157201007201e-02,-5.560302494751234725e+00,-1.919672849799913150e+00
3.293767924965628757e-01,-4.112204443763818773e+00,-1.798618961805826366e+00
2.172284576416290580e+00,-2.096327362414315054e+00,-2.738869753126091378e-01
-4.649787761355010041e+00,-4.039889535326814496e+00,-1.629485233597684823e+00
-5.074166718167671952e+00,-3.201508323049447213e+00,-1.732203616942901148e+00
-6.893773775858461073e-02,5.428013681067700880e+00,-1.953568368827397261e+00
-2.284956024356541882e+00,-5.098567320265112279e+00,-1.911867480022547472e+00
-5.438877059100624134e-01,3.775782837666616931e+00,-1.610960110206381746e+00
4.222778340401619701e+00,1.750737832863912935e+00,-1.953517585410752266e+00
1.196098470827263727e+00,3.785273828330622869e+00,1.714232737052960864e+00
1.506397947150128092e+00,3.958847000200000910e+00,-1.848227454186957219e+00
-5.238796199783411822e+00,-4.297221084200090857e+00,9.201258519037112116e-01
-3.350290212708313398e+00,-9.686959808552766393e-01,-1.308592071840660287e+00
-1.643699493632943653e+00,-2.956855438786996970e+00,1.177003137602577798e+00
1.448328093850636433e+00,-2.633226958297381959e+00,-1.448436568542934566e-01
-4.373456533171342642e+00,-4.952891790458110677e+00,1.190015828702023937e+00
-4.881227387186308775e+00,-4.882528267692213930e+00,-6.121403896914356935e-01
3.978998615543606121e+00,-8.867986375191405646e-01,-1.774083399477339951e+00
-6.979019661063219360e+00,5.090464438855815121e-01,-9.876581610186721538e-02
-2.227977020734452029e+00,3.609038308816008289e+00,1.850526482663596983e+00
-4.182402864983674640e+00,-3.252710388282019416e+00,-1.977620114107771387e+00
-1.529667347543996359e+00,2.828872805213271668e+00,-9.039933365993236825e-01
-3.550139501154783606e+00,-5.793515279066197010e+00,-8.825850548455665967e-01
2.137430762794024552e+00,-5.247131861914527740e+00,1.885933200873986193e+00
-3.384128725012231609e+00,-5.547267888984356965e+00,1.325096128825148378e+00
-4.986069056008413547e+00,-2.177219080377126303e+00,1.950842759867238652e+00
4.545026317356010814e+00,-1.326136536001871313e+00,1.982304935405919899e+00
-4.100003020340487581e+00,5.004812941977212049e+00,1.356362251898881821e+00
-7.244139438080823279e-01,6.049716120208600501e+00,1.674961490530610497e+00
2.906852976598333527e+00,2.803591805799888093e+00,1.753745210359415996e+00
5.576987687473841326e+00,2.597742288040103542e-01,-1.913131140988622692e+00
-5.335457348233902053e+00,-3.670370072942501061e+00,-1.349589129289546330e+00
-6.332468607560174156e+00,2.858135107549589549e+00,4.548279685281590434e-01
6.382746811755526384e-01,-3.239261067486149059e+00,1.056056079460059527e+00
-3.481114714724995896e+00,-5.990520049325741780e+00,-5.298892076624941438e-01
-3.013402009137476911e-01,5.574591193589794713e+00,1.913223951636824571e+00
1.128257871608893570e+00,4.038644054176781850e+00,-1.830083501921411226e+00
4.158526065830054463e+00,-4.705579547557420028e+00,1.536921029351002277e+00
3.613079303224436267e-01,-6.949649912434564314e+00,4.027148872108085031e-01
1.427205977106813739e+00,-3.547057769783982017e+00,1.617299611935531845e+00
-9.227795667200425767e-01,2.999025957277345444e+00,7.294832871943994768e-01
3.126525735647520232e+00,-6.261705070013268148e+00,-6.736514754281600070e-02
-4.299994008242717658e-02,-3.382086762254496115e+00,-1.176112733402723931e+00
-1.513697701832824594e+00,-3.896896209022628454e+00,1.824422612066902483e+00
-4.994192160452087137e+00,-1.747114031066143047e+00,1.978720925579412038e+00
1.006503742405608248e+00,-3.490499119902203073e+00,-1.459636121503057771e+00
1.671458928871124128e+00,-2.575801130695073216e+00,-5.266680461446107131e-01
-6.835344070510867454e+00,7.507363599976180080e-01,-6.920576893131125118e-01
-4.395204825308813845e+00,-1.019860749453386006e+00,-1.939544814521626526e+00
5.401911742875975087e+00,4.147383879074108215e+00,8.499880332963780649e-01
5.291973238035539318e+00,-1.947549831335418036e+00,-1.895184207902825602e+00
-6.588412377235917106e+00,-1.737280933111594816e+00,8.430941418584210201e-01
-6.517496454091799230e+00,6.732590225225586478e-01,1.261246674046991423e+00
5.716780762819457795e-01,4.408299266437887276e+00,-1.921512773429861376e+00
2.999290073451435834e+00,-4.493918300267475963e-01,-3.605637039905300600e-01
4.568701716455628059e+00,-5.120360747912088284e-01,1.959039816946451795e+00
3.974703638654927929e+00,-4.410561185658711914e+00,1.766777355849880715e+00
3.135445090050743566e+00,5.560201939976434637e-01,8.387288463135502692e-01
-3.048741293633899563e+00,9.951580716800553228e-01,-8.861865411201240716e-01
-5.125818436677382017e+00,-1.673060376753724432e+00,-1.961217397587337263e+00
-1.500646235972086684e+00,-3.377021474832428982e+00,-1.515948793632574843e+00
-9.662591209343533993e-01,2.969521344489335135e+00,6.899422367849106230e-01
7.201944140406677519e-01,-6.253600066555878634e+00,-1.524186994044236743e+00
-5.665866822226202970e+00,1.454310846149653891e+00,1.810604662185352653e+00
3.047250666528398266e+00,5.748069745685543408e-01,6.275041435288594149e-01
-6.096699628883761157e+00,-2.672542076239369013e+00,1.120358244313506280e+00
5.329224090270153980e+00,3.267929491697060485e+00,-1.560128174310868143e+00
1.760833878285226417e+00,-3.445695833939432351e+00,1.649868127443842925e+00
4.425811199196931334e+00,-4.210513053104191883e+00,-1.664566799780946349e+00
6.416725946164320682e+00,1.349911350616802119e+00,-1.255063740483789436e+00
-3.044533539322072713e+00,-5.576268527314024587e-02,4.220754338410191986e-01
-2.906278536000701074e+00,5.503962439425753139e+00,1.581598551032928013e+00
-2.147837931428353109e+00,4.475115232262787401e+00,1.999673372017731099e+00
-4.715734017657609911e+00,-3.071281221134883666e+00,-1.898947848050889009e+00
1.291813993949701089e+00,2.873287029234552037e+00,7.607303710895969573e-01
-3.430139149026624423e+00,-5.171526827783138103e+00,1.595719331516569861e+00
-1.249921617124261308e+00,6.602833221107617057e+00,-1.020423707626708199e+00
1.750760582853642999e+00,-4.474945286584919302e+00,-1.990494205906648162e+00
-4.782336182046520001e+00,8.665783722404390987e-01,1.995109112802636142e+00
9.557140175727147913e-01,-6.934325882389672735e+00,-2.226615001170229383e-02
1.813754301281546244e+00,-2.976999041781403843e+00,-1.306835062490655508e+00
-3.470405822933976037e+00,-2.193916930401234477e+00,-1.788931096308451041e+00
8.582967550207685203e-01,3.264476428827555843e+00,-1.166511554915260040e+00
5.241385590318119903e+00,4.217373123411134017e+00,-1.007955431713682737e+00
-5.218987308841208872e+00,2.438625671585175070e+00,1.849718826198893940e+00
8.752526847919875896e-01,-3.093863592386754569e+00,9.026589800709026168e-01
-2.833234123749197142e+00,-6.255557581850868409e+00,7.164858411386721970e-01
-1.696008167693881852e+00,-3.533126995108655688e+00,1.682759253249070941e+00
-1.465499769539742703e+00,4.377816347986498435e+00,1.962906505113115374e+00
-5.110676506082704407e+00,-2.605127302709106196e+00,-1.859513322211195252e+00
2.257145586930533021e+00,-3.121869731845326346e+00,-1.637971916243164960e+00
1.288013566997252779e+00,-2.778738958142083604e+00,4.970102239127454635e-01
1.557639651961929550e+00,4.652611210724506563e+00,1.997809855021003944e+00
5.232934939416972187e-02,-3.489605767461414487e+00,1.311447397795597380e+00
5.552381675785141857e-01,-4.559316497195430529e+00,-1.958150058295734741e+00
2.621098182727374937e+00,1.751778663316530205e+00,7.662321590388515569e-01
3.704709703503148432e+00,3.908816115343370257e+00,-1.962493841829969776e+00
-2.238891077673367924e+00,6.512223608027272626e+00,-6.646189854896342730e-01
3.396141308052446739e+00,2.933640303661819715e-01,-1.211629311804029330e+00
-2.387927827579045648e+00,3.140362625321371670e+00,-1.699192819587630021e+00
-3.365759927157083720e+00,1.756420743656713634e+00,1.597363200558517660e+00
-3.665469551870689457e+00,-5.089054703577567951e-01,1.520405829712241585e+00
5.325879670845364622e+00,-4.984647646540178445e-01,1.969286836382035721e+00
-3.111455231548319933e+00,-4.765309208359445603e-01,-7.543965936018480756e-01
-3.075794268880214233e+00,-1.017458240040845174e+00,9.494129597186429237e-01
2.091566282458929393e+00,2.155221177350609363e+00,1.143127661062781769e-01
5.508791622803634880e+00,3.692088774248559080e+00,-1.156648456878258457e+00
-4.329387103423353089e+00,-1.913307544652937883e-02,-1.884233277770464010e+00
-4.646134616058082423e-01,3.062988908131830001e+00,6.184625291476382181e-01
2.716996321526825575e+00,1.380695965638112144e+00,4.341316684628362399e-01
-6.472483360099581695e+00,-3.685580198318763046e-01,1.341940947172052701e+00
-2.344070157301237689e+00,-4.680450182090119426e+00,1.986190325585120986e+00
3.559695174254808858e+00,4.444142130768922172e+00,1.875723986869197502e+00
-2.130026964895687769e+00,-6.042082893761858919e+00,-1.421843720399802891e+00
6.400296905481541287e+00,-1.516941328366017361e+00,-1.229291146574258420e+00
2.428627980643952800e+00,-1.799415755198739975e+00,2.998373463484886314e-01
-8.194957109481464386e-01,5.588962246239222331e+00,1.891866377745391903e+00
-4.440022529024593823e+00,3.172787354725748354e+00,-1.947054903220196920e+00
-3.533710811216360881e+00,4.773949500553685277e-01,-1.393953339745233722e+00
-3.048497845522799565e+00,-7.693073195573686407e-01,7.453334071557190521e-01
-4.007775785755089082e+00,-1.214545136227108024e+00,-1.827642313731504764e+00
6.051238258277268578e+00,-1.009805314325026515e+00,-1.646804859611796124e+00
5.080277333618959723e+00,-4.732882246494740208e+00,-4.728546031413092265e-01
-5.534390568835853230e+00,-1.217470222530270929e+00,1.885599314963855022e+00
-2.803214993983131453e+00,-1.668300755074213937e+00,-9.897850520153701481e-01
4.293503895749831045e+00,-3.715742911249410252e+00,1.881533489302394280e+00
-3.533612312891496021e+00,-2.218184513658374435e+00,1.820617773558497410e+00
-3.401046062358064503e+00,-3.877680384982755246e+00,1.993760323954406388e+00
1.844675238640998360e+00,3.830828765024635096e+00,1.854789668763816568e+00
-5.247748793545825130e+00,-4.527655513221306549e+00,5.208673945674796579e-01
-2.129433091493158514e+00,5.440136133347840186e+00,-1.814097342687059689e+00
-2.685460934276472145e+00,1.354531627758491563e+00,-1.757021554617723136e-01
1.904759964199480293e-02,6.498351049376794641e+00,-1.324711469498969230e+00
-6.949426922672033768e+00,8.043382057464318891e-01,-1.292415366466357074e-01
4.180227788347179008e+00,-4.137342738735119596e+00,-1.795265349737426019e+00
-1.487683442037024628e+00,6.808397059406588347e+00,-3.505630748489498849e-01
-3.216528751622138582e+00,-7.947513131397500041e-01,-1.074665363416583919e+00
2.573709033081658326e+00,-1.633992497980959691e+00,-4.381832601479209721e-01
-1.034045569561651501e+00,6.778723736543786238e+00,-7.423188772003238567e-01
7.485811791078621491e-01,-3.205482656801260433e+00,1.040104300225655143e+00
2.851260058375833850e+00,-2.375878051156816717e+00,1.529544616127525014e+00
2.679059593852537446e+00,-2.177533954638912750e+00,1.266850911033641891e+00
-2.916353091169787692e-01,3.016688654685857784e+00,-3.493778088328410858e-01
2.862160542164800869e+00,5.812236014718950905e+00,1.346600507196879404e+00
-4.938442980881414535e+00,-1.378836089569941969e-01,-1.999110793352527615e+00
2.795839431123035901e+00,1.165670690686933852e+00,3.399880685428195437e-01
-3.784986968142281860e+00,-3.595471130629370737e+00,-1.987808638103041980e+00
-4.338705496738858081e+00,3.243396670739512877e-01,-1.891706749350783534e+00
2.714827654488662922e+00,1.327954224686668461e+00,2.972299186692415329e-01
4.738545605785488668e+00,5.018704803511739421e+00,-6.175771900302519102e-01
-5.243319570445382105e+00,1.409653213759859136e-01,-1.984910584175372694e+00
4.935305111340949624e-01,2.968979617140395266e+00,-1.969367982228997505e-01
-2.482499873626401676e+00,-2.862330505278420034e+00,-1.591612347457213250e+00
-1.077127689890183815e+00,5.563182961663123649e+00,-1.885677422252490798e+00
2.650154724701084152e+00,-4.026071174888316229e+00,-1.991885116475588191e+00
4.894177329818168332e+00,4.327909500790384278e+00,-1.284152099882345910e+00
-8.164661975296245711e-01,-3.223606676920181435e+00,1.093480996181632303e+00
2.765873831505782476e+00,1.398818316873657874e+00,-6.229029396280741926e-01
-2.607171384868544717e+00,-3.763223636105953229e+00,-1.954998305440024620e+00
2.961584169627935914e+00,6.214496198030513341e+00,-6.709223622939338716e-01
2.512649881619583692e+00,-5.063632967429634313e+00,1.890474460220673336e+00
-2.351567608839789880e+00,1.863080042706130701e+00,-2.499871259368312976e-02
-3.317627951981108492e+00,-3.085288559971488542e+00,-1.944117700587536079e+00
1.216381644342360069e+00,-5.037421550069882237e+00,-1.991683469491767111e+00
-2.860963630603351238e+00,-1.318460543790150430e+00,7.603016158404402036e-01
1.684047353629206656e+00,5.323548721746552914e+00,1.912969708590003926e+00
3.164412724738739691e+00,1.322704274543246683e+00,-1.238650538631425047e+00
-7.754199369140244436e-01,5.084047486895427959e+00,-1.994892581191501701e+00
2.342539912582868755e+00,-3.452787769465482270e+00,-1.820752781601439274e+00
5.471792605722384240e-01,5.486936054171589028e+00,-1.932782374993500918e+00
3.917163982694018998e+00,-4.058981486221813206e+00,1.894538312139586456e+00
2.730342208099866941e+00,-1.756023826527391085e+00,-9.615069201052619530e-01
-2.556151985234036861e+00,6.430709996005302465e+00,5.596173614093811199e-01
5.947410520534194944e+00,1.334737406094993473e+00,1.673386385518973674e+00
-2.908567134646877772e+00,2.526479618318315357e+00,-1.638161497477549577e+00
4.798243204835723752e+00,-1.987659616418526065e+00,-1.990603514405367536e+00
7.066424785033129652e-01,-4.403456516769723272e+00,-1.925663193048820832e+00
-7.538020108749430293e-01,-2.905741641422851629e+00,-8.772189782249950607e-02
-6.869645517124682854e+00,-9.810808186271329223e-01,4.888044305069341178e-01
-1.024443895358968737e+00,5.797260205183063952e+00,1.792509145077197719e+00
3.070967620369041917e+00,6.177688841492576799e+00,-6.278672085208238940e-01
5.199148763367477111e-01,4.782919982936329362e+00,-1.991058738141193718e+00
3.325764246819744585e+00,2.415215773637013896e+00,-1.791174467018791239e+00
3.867301253117492177e-01,6.968251579585794886e+00,2.892377142838827297e-01
-2.970507348927561964e+00,-7.880741718117778571e-01,5.363794636672020166e-01
-3.726189036369379481e-01,3.224536768730256409e+00,-9.609712518159848615e-01
2.661245186035089638e+00,-2.232582639984308059e+00,-1.292452881559614575e+00
5.606471882688723873e+00,-1.167574718548533452e+00,1.863282787300153842e+00
3.013935823337737574e+00,2.940613883941187168e-01,-3.349492332057298349e-01
-1.801519078469509649e+00,-2.896705247457163512e+00,1.214806571718496819e+00
-1.587606530219573431e+00,3.879520546145229787e+00,-1.829428937849078451e+00
-2.352085835055671925e+00,-5.223147677610611161e+00,-1.862675213767054583e+00
5.411033239415325546e+00,3.927875389988410681e+00,1.075253851942715722e+00
-3.439264168044319447e+00,-6.047987137267772262e+00,-4.101554112632405658e-01
2.072272324949277156e+00,6.292431791878032143e+00,-1.166092197005568432e+00
-1.170035380568096972e+00,2.857327486705526720e+00,-5.854438047825124558e-01
-1.519103282909886277e+00,5.954419566051289081e+00,-1.639709315927565081e+00
3.550952857686547226e+00,1.544144943778867463e+00,1.651661200947560415e+00
-2.966282048611548650e+00,-5.884943800957579407e-01,-3.095193261967598142e-01
-2.331252452259068519e+00,2.329281584864238752e+00,-1.046262139686899406e+00
-4.293498044942842817e+00,-2.772996640255083634e+00,1.996910220451222351e+00
-3.287232897023132150e+00,1.709849476954156122e+00,-1.524412940352357193e+00
-1.010679456875686943e+00,-2.905594192320531288e+00,5.473426410621047289e-01
-1.008185982118278590e+00,3.608200429810527243e+00,-1.558364272335201139e+00
-3.512422554793972473e+00,1.297130438878373759e+00,1.556655482048382222e+00
2.643789906680387158e+00,1.590133571271320712e+00,5.773638862024969010e-01
1.938764495943120503e+00,-2.377665210445873978e+00,5.167647187994049984e-01
2.379884723665311341e+00,-1.989791565278427932e+00,-6.309002744362329773e-01
-1.656800586726628000e+00,6.740183092182467917e+00,-4.829047810850456424e-01
-3.891992915425795285e+00,-2.881379260054654612e+00,1.993790008335963648e+00
-4.816287898525896338e+00,-1.723542273474643949e+00,-1.996668443143347904e+00
4.073079639291031562e+00,6.027659926018816838e-01,1.794738483772036597e+00
-2.230488653895371876e+00,5.537481553545808843e+00,-1.749126688018934672e+00
-5.648676157664492825e-01,2.957771189814779156e+00,2.116140219436634939e-01
-1.614563496552565480e+00,-2.566565188905225448e+00,3.572901935787105576e-01
-1.967084516464796984e+00,5.513390290173836306e+00,-1.808600921815943341e+00
1.435777858916452487e+00,6.839926654792174432e+00,-2.095181792251777919e-01
3.927111766956916217e+00,1.301114989306258352e+00,-1.804245414590147867e+00
-1.174105230355146079e-01,-3.860011321233552284e+00,1.644534255473231843e+00
-3.549720511862250127e+00,5.759093168113710526e+00,-9.402856561773570432e-01
-2.274028721297203681e+00,1.960368304889531066e+00,-9.742150573665665780e-02
-1.622638536312991597e+00,-4.660516996148791335e+00,1.998940667010740357e+00
-2.538101192444276677e+00,-1.647629017860893885e+00,3.214030048959948815e-01
3.976480301937302730e+00,-4.490608085314487852e+00,1.733110236697267936e+00
5.302139270981372832e+00,-1.115590887968941347e+00,1.955781962459541168e+00
4.265317099368875375e+00,-2.809269025349530047e-01,1.863795736500309497e+00
-4.511371063227167078e+00,-2.935286232561543862e+00,1.963135769035564193e+00
-2.106242948667224335e-01,-3.300928387596278935e+00,1.065796392750177013e+00
-1.283253374449652595e+00,-3.514778655875242297e+00,-1.554577483317043374e+00
3.937906884858682233e+00,2.977173217238972547e-01,1.701676752703194628e+00
-6.478495387693525842e+00,1.307321314997347939e+00,1.187791494621889044e+00
1.558824209048279785e+00,3.678274450218528724e+00,-1.729126108668185724e+00
9.237357070230765022e-01,-4.209002637790817403e+00,1.876901992332511870e+00
3.591157337490118451e+00,-4.328655711393639471e+00,1.900038761382951469e+00
-4.436627658314923117e+00,-1.211667246354794026e-03,1.919013233683249497e+00
-7.358505386265575821e-01,-2.966201363461216989e+00,-4.704287956111336544e-01
-2.948864901130551885e+00,-1.927540384339135882e+00,1.348458316576020444e+00
-4.985395802955244982e+00,3.985552283669021589e-01,-1.999999576466600981e+00
3.637006713692957582e+00,-3.979828091777374954e+00,1.961333996958533721e+00
-3.871118416111487104e+00,-3.852854167447046674e+00,-1.945981392644189345e+00
-3.033831182668606630e+00,-2.743681501976045656e+00,-1.781221384921754858e+00
6.966920877379080279e-01,4.490245142467446549e+00,-1.947315701141232314e+00
2.805964675731255742e+00,5.691026443894434017e+00,1.480037073382086010e+00
-4.461872799357289310e-01,-6.480602739668959167e+00,1.327459999534189361e+00
2.820312015872495248e+00,-4.338598128824266098e+00,1.992354744655303822e+00
-4.469870217031700621e-01,4.959306626740817237e+00,1.999894005687508303e+00
4.425666488523041231e-01,-4.144461872953367987e+00,-1.818740501393721676e+00
3.713610164227338917e+00,-5.932893409046608113e+00,-5.311470338450711981e-02
1.881318939410732360e+00,-6.712853891386637351e+00,-3.364523345994123171e-01
-4.517865109276288038e+00,-4.163576813752936978e+00,-1.640635422045899183e+00
2.086489337249657350e+00,-3.987747336048003799e+00,-1.936651254833129832e+00
-4.297167049035608422e+00,-4.078344957663494696e+00,1.773550237709275779e+00
3.409560347955316928e+00,-2.574216913148733799e+00,1.862876120351512066e+00
6.865551737427551870e+00,-8.477096683038747305e-01,5.678655893771771268e-01
2.663467456928680033e+00,-6.472653877118917265e+00,5.526930004942481878e-02
6.237995975928048331e+00,-1.705168822396454953e+00,-1.359536956975820665e+00
6.203174517383870601e+00,7.524601371618310219e-01,-1.562333018916153060e+00
-2.084365417040693558e+00,6.247588625818587538e+00,-1.218290397087780530e+00
6.206009464384921515e+00,3.139362195042052051e+00,4.224955238177200978e-01
-3.406446968211668036e+00,1.061005034113466222e-01,1.210723320483095833e+00
-6.954097285357909719e-01,-6.845723080309227271e+00,-6.797164456459044990e-01
-2.133389175462956366e+00,2.109229697521922464e+00,1.152643723063921655e-02
9.286724418588918617e-01,4.778747154504545236e+00,-1.995648974965258171e+00
-1.480235660069425530e+00,2.863266235772257140e+00,9.182523186219689881e-01
1.445841482522261634e+00,6.258294422825581016e+00,1.405232061066829852e+00
4.251664792745413202e-01,-6.086397460879187982e+00,-1.669519013726972645e+00
-4.790716052333884534e+00,-5.103672809615653172e+00,2.113579980719805518e-02
7.933426400690923863e-01,5.376431508629845979e+00,-1.952198853113915833e+00
4.490169315652616788e+00,-4.726889936253027003e+00,-1.300320487199667419e+00
-1.145835630887170054e-01,6.968134082699264376e+00,3.503415871658727143e-01
-3.164542831846788307e-01,3.599530365432282775e+00,1.441311837596518597e+00
-2.338800413883572737e+00,-1.880497236218770851e+00,-6.457302532101499848e-02
-2.291893689378954324e-01,-4.189378250163617423e+00,1.831122436328506575e+00
-3.502560622289406789e-01,-3.888642565643931182e+00,-1.673208664270855905e+00
3.235534280212527758e+00,1.197572336130577009e+00,-1.263986726362179791e+00
3.637855311264360569e+00,-4.827912918833166422e+00,1.705242610317920571e+00
-2.215676839212086691e+00,2.747576904989756486e+00,-1.355750667552977573e+00
-3.971025920776553253e+00,3.889328454699358950e+00,-1.920463010594880338e+00
-5.939633273664074231e+00,-3.702465830004635805e+00,-5.976467595611732048e-02
-6.303336136116570287e+00,2.354575349773035509e+00,1.005696143147869481e+00
1.654653420398182195e+00,-2.572656563371066518e+00,4.815166122332458221e-01
4.278076346442198030e+00,1.913699750145720690e+00,-1.975291892186739284e+00
6.842853005487409490e+00,-9.785334773676669651e-02,7.754442072290430588e-01
-2.389901372766011445e+00,-3.963915001826722850e+00,-1.965219360317064012e+00
1.734209226542889004e+00,-4.328657686736613108e+00,-1.971425115459518818e+00
4.742182589716119168e+00,2.474572751065768905e+00,1.969314264616739640e+00
-3.175637746674512041e+00,-4.087654914231184655e+00,1.992218559514639775e+00
-1.862179374026629586e-01,-6.905873999834830634e+00,5.983891614681028370e-01
1.141699047501210762e+00,-4.781325746680900934e+00,-1.998224501524681784e+00
-6.715782688527077937e+00,-1.808783858757251117e+00,-4.214004315870385486e-01
6.288517508108998122e+00,2.688577316911521020e+00,-7.858414061687695185e-01
1.054919249242337181e-01,-3.002165060035299593e+00,-1.267102599145571162e-01
-3.236932722183532452e+00,2.526681253885685763e+00,1.789227032243155824e+00
3.454778178514042786e+00,9.226372147684600566e-01,-1.404213688031812124e+00
2.470365943386886975e+00,2.364806051253867558e+00,-1.225952830404984928e+00
1.758964880566400435e+00,-2.887044902407751135e+00,-1.173796067754065975e+00
5.847103432713541160e+00,-2.006636910805593921e+00,1.613456504259975999e+00
3.225616222013969026e+00,-1.384754705508105976e+00,-1.334454286131874889e+00
5.890960350196890793e+00,-3.255265956891393309e+00,-1.002612036356330893e+00
6.854338693993594411e+00,8.676251177244681534e-01,5.963172885274873325e-01
-4.562872459374170298e+00,5.124539708258817328e+00,-7.312140231988869532e-01
-1.979706570276389854e+00,4.642251500522853291e+00,-1.999453415330355366e+00
1.196531605957511651e-01,3.302329221848459007e+00,1.060785973163846929e+00
2.083786795279644721e+00,-2.585103619506810446e+00,1.085761980038981278e+00
-4.352135175505396525e+00,-3.133299211255932804e+00,-1.966835632059423800e+00
2.444213262091700312e+00,-5.320730305857667375e+00,1.807896419528276066e+00
-5.099766521761792681e+00,-4.781360011202249183e+00,-1.932864325349955281e-01
-1.221617611666382830e+00,-4.613687167741955086e+00,-1.987039224271726745e+00
-9.314347928011901256e-01,5.757496145458474324e+00,-1.818568049442777834e+00
-4.277047713488607350e+00,-2.167449989985428704e+00,1.989454740761890994e+00
-4.026957575189876515e+00,4.939109633437137603e+00,1.454551225397251013e+00
6.327807549888723848e+00,-2.980197941365620107e+00,1.485122619500150731e-01
-6.016749343182961951e+00,1.645693000166219999e+00,1.570975624072122434e+00
1.876558459868392204e+00,2.340642770141524664e+00,7.313470330324523677e-03
-8.286014339096683390e-01,-6.563189037928057523e+00,-1.179341260961056070e+00
-4.385888127085710408e+00,-1.262392530042087513e+00,1.951886612784651698e+00
1.015964271117385076e+00,-4.221876165551651461e+00,1.888798511386682533e+00
-2.876466938609802515e+00,-1.027445043749592779e+00,-4.635310508744135416e-01
-5.696598594069204324e+00,-4.038247125288675576e+00,2.621776672171707845e-01
5.886005851932685218e+00,-3.785706391240566404e+00,-8.168802503381784874e-02
6.877766575282432626e+00,1.030987420235806473e+00,-4.236714945220103057e-01
-5.039782237189147196e+00,2.035436612520165944e+00,-1.952055385461757053e+00
-2.736754122714594839e+00,-1.728505162991592847e+00,9.441904528143436615e-01
-2.101662349885831116e+00,-2.346102006951536367e+00,7.594236350722317619e-01
4.733410860599049030e+00,3.895177781727523936e+00,-1.650143360982126328e+00
-4.688591254469812064e+00,1.437626497785456925e+00,1.997696835977470053e+00
2.908080614081987925e+00,7.516217503465041361e-01,1.206508586661496352e-01
-5.311870868212094976e+00,-3.250686128371466754e+00,-1.578927454734860625e+00
4.428487677304332459e-01,-3.692116556557587081e+00,-1.535566227440658293e+00
7.923716746706904734e-01,3.679390817566832173e+00,-1.572155002742611885e+00
-2.628860545898012546e+00,4.349405223610911975e+00,-1.998312193034330608e+00
-4.418808041631288042e+00,-5.251647116991535746e+00,7.265691216544672981e-01
-6.614347918960076234e-01,3.205699207117897132e+00,-1.009083190487120918e+00
6.450260481607397622e+00,1.599454868389019513e+00,-1.136649338396617637e+00
2.005068132949493764e-01,-6.751534237123935966e+00,9.600476507167444717e-01
-1.050892213416865228e+00,2.827781378935624090e+00,2.582264872623247220e-01
4.467584832767491854e+00,-9.678043896492909415e-01,1.953494052957874150e+00
2.891431545325422875e-02,4.581996009907316036e+00,-1.955849923894669828e+00
2.071717089164091807e-01,6.707490443489180443e+00,1.036119110376254371e+00
-6.455236528988689271e-02,3.703967444478787563e+00,-1.523731354326893550e+00
-2.620746646759574805e+00,1.552867893870586435e+00,4.276768790582577418e-01
3.775548193898499161e+00,-5.252684904085612061e+00,-1.357426335003590445e+00
2.719067040561405246e+00,-4.833526730395329096e+00,1.924074361137863232e+00
5.335020918547934698e+00,2.572997719424513274e+00,1.774243683009867345e+00
-6.872108437365969102e+00,-1.197562997225187775e+00,-3.109842163147787386e-01
-1.615040286313687290e-01,-3.128092378809723240e+00,7.152223315965413608e-01
-1.641704342072532574e+00,2.599362842836468790e+00,5.403981644825647246e-01
7.061792739812856601e-01,2.963333554140594295e+00,-4.279191731172998225e-01
-3.268905546308484844e+00,-2.917516377717142895e+00,1.901965376769242377e+00
-4.800656149125781980e+00,1.781525884978311325e+00,-1.996363019240395609e+00
-2.636795708395698767e+00,-6.200752166432669910e+00,-9.894449530354620936e-01
3.420887629536988883e-01,-6.880446334891962223e+00,-6.571802558551894657e-01
3.981127988700281506e+00,3.142607421649578736e+00,1.998702949520504868e+00
-6.784552468480916865e+00,-1.516084682058278066e+00,-4.360690353142492315e-01
2.268647023486624725e+00,5.977205958902710670e+00,1.434862917631267720e+00
2.605734517893868230e+00,-2.387498579632430395e+00,1.360586219104199079e+00
-1.766367679314699402e+00,2.703153503522538248e+00,9.294713211663256924e-01
4.043909049193752381e+00,5.557749279733180003e+00,-7.006259257472045032e-01
8.860991818088175265e-01,2.878405758407255544e+00,-2.160998453521603968e-01
-5.979629471507220906e+00,-6.219790877190081169e-01,1.725131226202018864e+00
-6.761459672106220342e-01,-3.071701284416736399e+00,-7.482365711560936550e-01
5.742842260044242586e+00,4.590937868496523522e-01,1.849494579136225170e+00
-2.665314197203123570e+00,6.273363444806590472e+00,8.377602358094424773e-01
-2.955717508565721019e+00,-4.482902578094574153e+00,-1.965550944505859876e+00
1.539991188495426044e+00,-4.027636901247075407e+00,-1.877943028897102185e+00
3.130699475433992962e+00,3.125014744829343605e-01,7.507588260066473396e-01
-5.151069471626474439e+00,2.752033086408636198e-01,1.993716237182453943e+00
2.776693992580544723e+00,-1.192247528418872271e+00,2.947222815285517328e-01
-2.205847539801915502e+00,-3.183607997752909480e+00,-1.652319670973031895e+00
3.610881819796546655e+00,5.562501016673463639e+00,1.156480351379872040e+00
-3.777366115845374406e+00,-1.907971583643735813e-01,1.586479927842700421e+00
-2.928199866841563193e+00,2.394267654100525888e+00,1.586680178778170136e+00
-1.938454872953924379e+00,-6.335222600861582620e+00,1.165709064345444412e+00
2.331149437508956979e+00,5.529139849103412274e+00,1.731779129614921864e+00
5.066284919533071474e+00,-1.964894012436832205e-01,1.998771337985741248e+00
-5.361708777907032264e+00,3.875003630111904407e+00,-1.179181463185757561e+00
4.301718333756527457e+00,-1.087705533874604669e+00,1.919152699487429059e+00
-5.179150630334437899e+00,-4.398375052883054970e+00,8.824362121759082855e-01
-4.448137749160080645e+00,3.372477257009470764e-01,1.925973940534531303e+00
-1.325020633889993360e-01,-3.053924241271360085e+00,4.732477993965066854e-01
4.607439807372919915e+00,-4.250566627694142952e+00,-1.546143092603550429e+00
-3.700449473764824138e+00,4.381236616013028384e-01,-1.541971795042252680e+00
-4.032149590553402163e+00,-5.221012950426493937e+00,-1.204311506131737319e+00
4.034392942880347555e+00,-1.221476317751724883e-01,1.752475333943583236e+00
-2.189141220613786964e-01,-6.247465915838752437e+00,1.560207644890330814e+00
-3.729294806389399586e+00,-1.233194859127267201e-01,1.546119190194456872e+00
-1.525762483526413416e+00,-6.100838363308298540e+00,1.529432489851558996e+00
-2.612978290073965315e+00,1.535263192225546192e+00,3.486582557637834534e-01
8.543488331457744778e-01,3.069925755459850691e+00,-8.435308596102348844e-01
-4.607176098203137116e+00,-1.372345720302831529e+00,1.990687691626629396e+00
-2.645887583944712240e+00,-1.897709989345660153e+00,-9.791453127323259675e-01
-1.088594579939905271e+00,-3.334394232882010645e+00,-1.331438123172964394e+00
1.508754397130113611e+00,-2.642752797140644372e+00,-4.129869107878833545e-01
2.723666353952332919e+00,-5.596728557780037860e+00,1.581494614840150303e+00
4.359423218332087124e+00,-4.615284372774580923e+00,-1.476864794443591089e+00
-1.191738568953997879e+00,-4.447994053080137178e+00,1.960580983157339974e+00
3.317080210057298029e+00,-2.285753605752552708e+00,-1.748118202074994576e+00
-6.330384225224588768e+00,2.492931987205581734e+00,8.643837242969214518e-01
2.595121559668283506e+00,-2.044340986294050921e+00,-1.059403805498381645e+00
-5.129632703381343362e+00,-3.697110500990270943e+00,1.499790668184356468e+00
-6.464539261726310215e+00,2.514686739761162748e+00,5.002789437431003350e-01
-6.183271952606669508e+00,-2.870884734174487640e+00,8.352365702890121035e-01
-5.459474631521062271e+00,1.381907802264096485e+00,1.897633418371412972e+00
6.181216380390034182e+00,-3.285181998322489694e+00,6.398580955740494625e-03
4.729560947133843563e+00,-1.614830175379988741e+00,-1.999998609685767148e+00
-3.307593601878656919e+00,1.394812699313726645e+00,-1.418079173987017105e+00
3.519545383943865957e+00,5.336993353229263271e+00,1.435094699245536232e+00
6.199797083308316026e+00,1.078031695635128573e+00,-1.525976942555796967e+00
2.351819460850362642e+00,-5.922419655039776742e+00,1.454927421695421330e+00
5.636204494524997832e-01,3.169793016559747212e+00,-9.109673539625832150e-01
-3.121450009591212549e+00,-3.437355002331102583e+00,-1.967907374379621155e+00
2.088644023932202831e+00,-2.218246308262545874e+00,4.301725443752733025e-01
3.633025545548540514e+00,-9.014946392438959455e-01,-1.555783017375552246e+00
-1.581611729923380727e+00,-2.777926622296960968e+00,-8.647637698071913848e-01
6.041797296545412532e-01,3.388340753258766380e+00,-1.253781088829825974e+00
6.744052495181080076e+00,-1.561874453506113092e+00,5.511825737813904613e-01
-1.715888448979060454e+00,6.115214616071738440e+00,1.474364903442849872e+00
2.699298307390897822e+00,-1.859528289142444057e+00,-1.016892953522792631e+00
-3.455869006861946868e-01,3.261802634218289754e+00,1.020687411705218040e+00
-4.214113397327001742e+00,-5.029162160899001144e+00,-1.249883037498480842e+00
5.579871011510767254e+00,2.812809229775125264e+00,1.562250777919117928e+00
3.286769683072363168e+00,4.618502509801206024e+00,-1.884921090543962396e+00
2.862178105684387575e+00,-2.075902868008631330e+00,-1.362326651468896532e+00
2.382898974247235735e+00,2.112245987568436956e+00,-8.385984001145261324e-01
-1.465801600925372927e+00,-3.365843887021171987e+00,-1.494726495699947311e+00
8.114722642087234261e-01,3.302218428341447520e+00,1.200614180169291778e+00
5.560761872924336657e+00,1.668076662543506616e+00,-1.830592678781788996e+00
2.559300967440206076e+00,3.612717015848323054e+00,-1.916275831624028259e+00
-2.514308864283585798e+00,6.524851464915060184e+00,-1.727299183479462097e-01
3.566652962810161753e+00,-5.613105471799850754e+00,-1.129665237805054678e+00
2.688525270122351429e+00,5.223478282390760619e+00,-1.798549908660986629e+00
2.680483338408209265e-02,-6.310903290403200749e+00,1.510424878546173355e+00
-3.201412628020849915e+00,8.333629938380472668e-02,8.769169677620475278e-01
-3.332813312697159303e-01,-2.992649713288510149e+00,2.108995099730503475e-01
-1.966316717192054142e+00,4.123245592343465660e+00,-1.952809282891642129e+00
8.862889674432288256e-01,-6.883785321157584569e+00,-4.837863556184415770e-01
1.895239768728262719e+00,4.763945207815504901e+00,1.995957601583117302e+00
2.678982004781037318e+00,-1.593843205843347155e+00,-6.747388235526513567e-01
-2.138337793237413909e+00,-2.904269907028020015e+00,-1.434685985084191540e+00
-1.933551252030097034e+00,-5.161106165823057701e+00,-1.933509782745179484e+00
-1.090091482462418826e+00,2.948214374297888352e+00,-7.433876958342277019e-01
6.021887410878346891e+00,-2.595234693366724965e+00,1.254899241353998773e+00
-4.394626998923324201e+00,-3.286611122378519489e+00,1.939632613176389464e+00
6.331292413419514098e+00,9.032697695198289856e-02,1.491959980073017666e+00
-1.235164546412582887e+00,-6.419173592444283649e+00,1.279786652942581648e+00
2.357221658702792766e+00,-2.213251671547354693e+00,9.376458889788682471e-01
1.028347387431238324e+00,3.010233882293094076e+00,-8.314922196389757936e-01
-2.441738728564496697e+00,3.290771108097704900e+00,1.784903504391118778e+00
-2.304087197699815182e+00,2.036012414494171363e+00,-5.417199719434643290e-01
6.168751308897016727e+00,-2.967357407131365754e-01,1.617806078710090079e+00
-3.782482249930820828e+00,-2.204430604915993630e+00,1.900812433176952254e+00
-2.871731548306418524e+00,9.657896072539435828e-01,3.438739308800231043e-01
2.127735258170111027e-02,-6.868184411930590372e+00,7.139774914575478526e-01
-5.694334394729960280e+00,-4.071150941613622898e+00,9.036601003673146865e-03
-3.741760665040819500e+00,-5.747191126956517238e+00,-7.403763332027972766e-01
-6.990261383785410843e+00,2.198032330255409172e-01,1.584150181131920021e-01
-3.905883682691275727e+00,-4.505922027389784645e+00,1.752805032981814781e+00
1.630051821227073150e+00,-3.244325870932861733e+00,-1.457839284252258727e+00
6.503797828123104807e+00,-2.523234743805827129e+00,-3.082083313869027896e-01
-3.599590274700105841e+00,2.309744677057170126e+00,1.864709841033832749e+00
9.995372857114859233e-01,5.159977502980057196e+00,1.983561757116157009e+00
-3.868621308082049737e-01,-3.424062577021601328e+00,1.258813266331030967e+00
-5.406900401829147995e+00,4.399172111616259789e-02,1.958133395109782793e+00
-1.056991206450868859e+00,6.919405767831327658e+00,3.622603819013472254e-02
3.733685326692683937e+00,-5.645650269495649631e+00,9.338625227640390269e-01
5.446983371086925096e+00,-1.397341411298935299e+00,-1.900373871090154765e+00
1.642879156408229568e-01,4.881147469358146473e+00,1.996628020085103650e+00
-6.492539813918113190e+00,-2.445173075888582126e+00,4.952223394251000776e-01
4.655698356746017730e+00,-4.854458061830731808e+00,1.010126608037739349e+00
3.191569074336590095e+00,-1.032749938513022991e+00,1.136810131756484710e+00
3.397225026032326234e+00,1.893978044255565374e+00,1.663373897255955081e+00
-2.982182715448145949e+00,-1.718906784457076897e+00,1.254172411296245127e+00
4.743764981063695707e+00,4.432888860032148770e+00,-1.331223334583682361e+00
3.750932771091554763e+00,5.834329481658244276e+00,-5.016775625968159513e-01
4.364897841153143609e+00,-4.459985236805537490e+00,-1.568810841856416838e+00
4.109307691355971848e+00,5.299772474591340377e+00,1.043387646999230478e+00
-1.772550556867319660e+00,-2.806459507266061859e+00,-1.084181260015953718e+00
-5.291807018558889908e+00,-4.581843769394138732e+00,-3.155945035515642788e-02
3.958597957882432627e+00,-3.218057915052691342e+00,1.997417334086817098e+00
1.619004367874918859e+00,2.925105562381783653e+00,1.120369390382927044e+00
-4.745251187494646139e+00,2.672658028796198182e-01,-1.984660731760045316e+00
2.183571970471447354e+00,2.550371114153688890e+00,1.141045535004884259e+00
5.292602340765841795e-01,3.029232439070823180e+00,-5.429904072254329028e-01
2.014378455901252973e+00,4.482045738620132447e+00,-1.998146019344520408e+00
-1.263719200598280024e+00,-6.842070360919801253e+00,4.087031162061626755e-01
-3.782631950910398277e+00,-4.452386025146727100e+00,-1.813998832848031872e+00
-6.673197799384133155e+00,1.486166154153198082e+00,7.915737733759183881e-01
-5.569971794041832958e+00,-2.083796163066269358e+00,-1.761588393909204742e+00
5.182548893417164848e-01,5.724384794220715555e+00,-1.854939290236339300e+00
3.725685213127956974e+00,-2.552960596157224149e+00,1.940665162316062897e+00
-6.156344084662915606e+00,-2.463227373555447297e+00,1.157737174937220725e+00
-2.820793553711999024e+00,1.987784138413785762e+00,-1.264928000133508590e+00
-1.574745801065090101e+00,5.829758194726473164e+00,1.709122892524542081e+00
-9.262512654155946601e-01,3.295812340329422163e+00,-1.230704301748493545e+00
-5.527845027837634539e+00,2.307875360509643592e+00,1.737630930525160489e+00
-3.003238114804694714e+00,-1.898536591755959346e-01,1.919556594705754127e-01
2.101483717660294737e+00,-4.433111575536356597e+00,1.997789184338115920e+00
3.662660018717337707e+00,5.929817597294078091e+00,3.463695519962023406e-01
-5.468681908784773782e-01,-6.976369867118446422e+00,-9.439467260064811349e-02
6.937982313662542033e+00,8.367976146601247001e-01,-2.163507816932334626e-01
3.196688230218157400e+00,6.080501283628757525e-01,9.754471792523129459e-01
6.930898582130534002e+00,-6.457006151369170110e-01,-3.934810650699835932e-01
-3.387307491987438191e+00,1.558496866808152692e+00,-1.543906270950566650e+00
2.997752206805139874e+00,7.807680870748908708e-01,-6.176431271437180515e-01
-4.237468309921169407e+00,-5.136729842334237794e-01,-1.861421911238221982e+00
-3.737989983518080539e+00,3.060252118704644975e+00,1.992839506103995406e+00
4.442893640038412251e+00,1.055075538822811243e+00,1.952443738353395686e+00
-5.409233291934665289e+00,1.198367902763666004e+00,-1.925612023032484244e+00
-1.233497422082529660e+00,-5.979042977940030923e+00,1.667055879092166126e+00
5.350523215400253108e+00,2.744120267805983282e+00,1.724376077625610959e+00
2.238601353658447923e+00,5.329049220950149213e+00,1.841567362571444821e+00
5.238300461192209490e+00,1.261391318216226631e+00,1.961996528703803921e+00
-6.519754338172688568e-01,-5.512512725405136038e+00,1.922621050455661340e+00
6.584973039897678015e-01,-4.805658132230970381e+00,1.994409388759430302e+00
-5.747476736174574441e+00,-3.982472560567761555e+00,-1.742566667283348969e-01
-5.405555089260574597e+00,2.262873172762721818e+00,-1.805616288277708037e+00
6.401346746158165679e+00,1.028359280439790080e+00,1.341439033028902106e+00
-1.177969950775046737e+00,-4.083925904825577824e+00,1.854219171119442233e+00
4.404605036441702759e-01,-4.571787172591826653e+00,1.958140714299995144e+00
-2.155523115876429863e+00,-2.119969106253740243e+00,3.046174838356986436e-01
-5.481317389055786471e+00,6.373247957025317545e-01,-1.931689042809491275e+00
-7.703245513108138987e-01,-4.369683037233868639e+00,1.919140992471873863e+00
-1.964703283500846442e+00,2.308296121039667081e+00,3.519975141753116654e-01
5.211210705329921034e+00,-4.366491883881603364e+00,8.743610322219852460e-01
-1.770141918806984460e+00,5.647342776530574149e+00,-1.776734628286797291e+00
3.115189884129076603e+00,-8.465486363165833916e-01,9.276866746504610628e-01
5.664856944966018659e+00,1.715867136556382233e+00,-1.776344908504228881e+00
-2.965980045327388570e+00,-6.335328774696461274e+00,-1.378561578113196018e-01
-3.685520690065346106e+00,5.872915339205721175e+00,5.112353703509789904e-01
-5.450594292219565595e+00,3.865568097159430838e+00,-1.081782791943002087e+00
5.689331404106305889e+00,8.670602148067999559e-01,1.852009950933666937e+00
3.133426401367450875e+00,9.447477400560084781e-01,-1.008273908072164327e+00
3.186214128551781766e+00,3.348567735048856520e+00,1.963995435910626641e+00
4.330400087665939424e+00,-3.129656916403911637e+00,1.970376900141993293e+00
6.201900054231145099e+00,-2.544956325970231692e+00,-1.047477818447495324e+00
2.170670963367409279e+00,-2.070855335948972531e+00,1.301919468996010250e-02
-3.227374258701324994e+00,-3.650889643004399665e-01,-9.645468665243968065e-01
2.796751943135651342e+00,-4.057124201862162494e+00,1.998692203066878115e+00
-3.615547086352576933e+00,-3.412243472402157973e+00,-1.999796603129289307e+00
1.450901438435898250e+00,-2.635843411038181650e+00,1.872476852533779546e-01
-3.242678809487695268e+00,7.964549837173107161e-01,-1.114123294432949773e+00
-2.378023320565269216e+00,4.413114502466839006e+00,1.999957486232498916e+00
-5.538550497598937028e+00,1.121587956514846773e+00,1.891093213290966579e+00
6.988649563410906929e+00,3.911042266989017691e-01,-4.075828539912802057e-02
7.953897548204469370e-02,3.039787899101334290e+00,4.020526824790955911e-01
2.999062962423006962e+00,1.876385018950040284e-01,-1.403000813775834854e-01
-5.228090225074683239e+00,-4.654155803167681071e+00,-4.107802099044038924e-02
2.409448098704300101e+00,4.758559883444761773e+00,1.971949086762603498e+00
-3.901287808172852145e+00,-1.029861491961356013e+00,1.751753455865653786e+00
-1.388610799119080808e+00,3.216002685059037525e+00,1.326254149507301028e+00
-6.851524710393573692e+00,1.018749217344269820e+00,5.359588476184301564e-01
-2.412135866278011520e-01,6.992936742877134293e+00,1.077439138486883247e-01
-1.413565005790843765e+00,-2.771302030569826158e+00,6.570043332056744179e-01
3.421971175230617668e+00,-5.677101195186270211e+00,1.160779811866341493e+00
-5.309444962318385919e+00,3.036003063461739870e+00,1.659568401546268612e+00
-7.496498861774437694e-01,-5.349992637113966332e+00,-1.959129437701510268e+00
-4.925521186162084675e+00,1.992342070197820947e+00,-1.975322849049734097e+00
5.851761597581456975e+00,-3.779799394509918642e+00,3.653458293678825686e-01
2.968076924135556016e+00,-5.942360582571509120e+00,1.141318643584075199e+00
2.701451206803581861e+00,6.161752684605866115e+00,1.007104658931132324e+00
1.161830489452447601e+00,6.898028286410308851e+00,-1.386648237165829523e-01
2.622301452425762069e-01,-3.171013036764732007e+00,-8.332372045442737463e-01
-4.220346007460680227e+00,5.508932577169844080e+00,4.873414891294606810e-01
4.120354650746635428e-01,-3.014888973315930087e+00,4.120878602890087339e-01
-7.898986345951271304e-03,3.357458580917873192e+00,1.141090798735748590e+00
-2.770951667961286891e+00,6.086629215195192621e+00,1.073170390903254612e+00
-6.212676137683993183e+00,-1.202943979728803292e+00,-1.495406553602356192e+00
-3.067867281990225958e+00,1.249916932839403527e+00,1.073815715900270584e+00
-2.567232204620859992e+00,1.642907550951504980e+00,4.351897677520131791e-01
-3.247906336761314350e+00,5.624464155360255013e+00,-1.328656355469907568e+00
3.169159174046417782e+00,-1.406143514867813415e+00,1.284612605903753701e+00
9.268535539523113931e-01,6.312330887894031406e+00,-1.447605380042056744e+00
-3.063982566878086011e+00,-1.759071056637002695e+00,1.359414204506030011e+00
-1.170788899055169585e+00,3.132739831414446563e+00,-1.122001216188069028e+00
-1.492385911355605943e-01,-5.425354005440273575e+00,1.953797309317951925e+00
9.559427635752217045e-02,-4.632939342694287532e+00,1.966211950708128153e+00
-3.079243446451542354e+00,6.159426219958064053e+00,-6.649111357651930065e-01
-2.171180794139791814e+00,2.539727204761542012e+00,1.117448784032010423e+00
-4.946721258519344744e+00,-4.692237367353254918e+00,-8.332692828769291404e-01
-6.624290655164759123e+00,1.983301585916064758e+00,-5.774694357381450205e-01
7.730268776474193970e-01,-4.041310971508646155e+00,-1.793329483727573948e+00
-3.317428868861793223e+00,-6.397206160304399480e-01,1.170849562485340334e+00
2.663320586327872608e+00,-6.429962567457669032e+00,3.993739864586355881e-01
-6.897715878853794891e+00,-1.188306181064337164e+00,-5.194210213123445774e-02
5.385228668821833153e+00,-4.116387245043121729e-02,-1.962518187783274026e+00
3.537781559592875880e+00,6.153142034217857770e-01,-1.419301391626135667e+00
4.268394622915735681e+00,5.493458099152761953e+00,4.133704976495662375e-01
-1.648152565875522502e+00,2.635777944518822746e+00,-6.502398532332358538e-01
2.538010320248750062e+00,-2.675239592764691032e+00,-1.509175146417721214e+00
-3.434457692025679965e+00,-4.013775310901176674e+00,-1.979933251886512924e+00
4.125784091235080275e+00,1.809417070131112970e+00,-1.937805821136652451e+00
-7.823031403800306816e-02,3.408398238264085833e+00,1.212295535634913657e+00
-4.068826113753895690e+00,1.094051924682475807e+00,-1.838797853465685472e+00
8.951709814941670729e-01,-2.892524457873811627e+00,-3.327524052401725219e-01
6.286562796816900223e-01,3.420798515460965472e+00,1.297602771908422881e+00
-4.084045598459425719e+00,-5.633418877880203901e+00,-4.073501367858582412e-01
1.687468988062017228e-01,-3.244159960385810670e+00,9.656127290684034525e-01
4.595497062422923662e+00,6.278838668875201534e-02,1.958755775485168771e+00
4.551601499598358913e+00,-4.621656961906288608e+00,1.337847100444600867e+00
-2.543670441692576834e+00,3.580144947025755808e+00,1.905272596249597328e+00
1.104494472874515187e+00,-4.751209737285090995e+00,-1.996269378054097654e+00
9.202443004784484071e-01,-2.941087184671098864e+00,-5.657786742858330609e-01
-1.337836710210055680e+00,3.166016126588269586e+00,1.247900890461000056e+00
-7.653051817766552967e-01,-3.699032100125386080e+00,1.582775394303290506e+00
3.745872694253900903e+00,2.381927559893273649e+00,-1.919721879586463453e+00
3.992458783284933421e+00,-2.312128053568916375e+00,1.962326437644276611e+00
3.414503215274061088e+00,4.516280526661153871e+00,-1.887342712945011103e+00
-1.166327953762098080e+00,-4.627854340570446645e+00,1.987026010988798053e+00
1.121841432713335029e+00,-6.764157242737287135e+00,7.437756350452641163e-01
1.032861015193362375e+00,3.083819529073170251e+00,9.721948745480974985e-01
-2.433111079770473584e+00,-1.786668778818181202e+00,2.724528150421871020e-01
-2.752415313371016303e+00,1.487201115190938561e+00,7.053471826088490992e-01
5.506659191578940238e+00,1.543702303326576764e-01,1.934192244139423034e+00
6.233633778059468611e+00,-3.127417698963652182e+00,3.204458563740530952e-01
5.541266886083453969e+00,1.109372504672894388e+00,-1.891006547427728224e+00
-2.906187018018648427e+00,-9.759979862110991222e-01,-5.083994337085611104e-01
-4.218501252642353982e+00,5.399939296747252593e-01,1.855228985648810447e+00
3.922293626409310008e+00,1.430173749153161200e+00,-1.821869603059207199e+00
4.194874379995542135e+00,-2.211695135359093456e+00,-1.983316641478167996e+00
3.594407839801132543e+00,4.908216403217754653e+00,-1.681006035267064602e+00
5.062593300235416649e+00,-1.765062313326948962e+00,1.967064767346878629e+00
1.357391549875562875e+00,5.794633654265737732e+00,1.759163875615700423e+00
3.055219873891209303e+00,2.088746696637639566e+00,-1.520703592438808371e+00
2.874183350791492675e+00,6.181681270093633884e+00,8.353511262094803769e-01
-6.915516852817858329e+00,-1.081997465937325931e+00,-3.744647537634444162e-02
-9.000856295262467111e-01,-3.561210384531483086e+00,-1.496526925682757136e+00
2.776571786069741865e+00,-4.689831779033450054e+00,-1.948688435478536984e+00
-2.392511359398519222e+00,-6.005545963434083312e+00,1.361994292725836386e+00
-2.467075691249308811e+00,6.043379040314151851e+00,-1.290966620244964558e+00
3.670162538677313346e+00,2.760166291483810763e+00,-1.957990475800488461e+00
3.602771187922821028e+00,1.975417049232237154e+00,1.790464057985416746e+00
3.150686044829774435e+00,2.628455943887115370e-02,7.618683555151581910e-01
2.375866887071312217e+00,1.831785875646316120e+00,-1.104406249830958316e-02
6.981346813608578783e-01,-6.934210785662596521e+00,3.492716213895071253e-01
5.814622911127048432e+00,3.327689704971731555e+00,1.054364740523119792e+00
6.557902674776523000e+00,2.351293139283451961e+00,3.635373685152166745e-01
-1.812104682947822454e+00,3.691811407282342916e+00,-1.792333667980472223e+00
-2.123227705545381205e+00,-4.102544201982929017e+00,1.963454245953336841e+00
1.635979841474291874e+00,-5.526587002105701529e+00,1.848471694701479651e+00
8.601722193152961937e-01,-5.775649803693879036e+00,-1.815348154288532800e+00
7.014405625458448590e-01,-6.307017513379659768e+00,-1.479372937853168590e+00
-1.153496550201972060e+00,-4.029110260659107823e+00,1.829065589360004962e+00
-7.288933583309340491e-01,-4.007786948684850969e+00,-1.772470655063310030e+00
4.254145108749706417e+00,-6.278122536145359645e-01,1.873581878519581689e+00
4.425569069011136669e+00,4.683894950997420814e+00,-1.383834892585196430e+00
1.877533122718439973e+00,6.235664157811887875e+00,-1.308922026408253725e+00
4.780988366610029239e+00,2.021865382412410539e-01,-1.988438443975437675e+00
-1.396344479690054152e+00,-2.962620085571845863e+00,-1.012444680285918830e+00
5.340611141216560220e+00,1.245224655638343281e+00,1.940587608839388745e+00
4.385237106170623567e-01,-3.970718700179670435e+00,-1.729073304260446697e+00
-5.094264222289989874e+00,2.657466151995005355e+00,1.855762774967229412e+00
7.078709806265928162e-01,6.599981647627822134e+00,1.147824058411631487e+00
4.406653215528753442e+00,-1.044928877764127462e+00,-1.943711985699657196e+00
5.972638304885859561e+00,3.083022969953334247e+00,1.018197152591481247e+00
3.162759340466805291e+00,-1.684102521549545761e+00,1.411611981053219056e+00
-2.700856500952864003e+00,-1.625515138922360769e+00,7.654826509528734890e-01
-9.644089129658380832e-01,4.043075735878866261e+00,1.813427321146880766e+00
-6.117176388020342248e-01,-3.166838698717861167e+00,-9.223438466125405411e-01
-6.105194079837609422e+00,-2.939139466198948725e+00,-9.200060891650870820e-01
-2.514660497877956757e+00,5.196554880539855148e+00,-1.844572605478848715e+00
-2.917796918564314446e+00,3.964248584568601963e+00,-1.998489192788282853e+00
-4.411597007702828144e+00,5.423957925838491789e+00,-1.838578306058355760e-01
-6.333414127528879334e+00,2.895246049901814001e+00,3.787727016287408821e-01
-4.948268274518004439e+00,-3.936522353139230379e+00,-1.499803962526724099e+00
-3.842008506784239330e+00,3.535431703365630618e+00,1.987736637392198080e+00
-1.237882144832949116e+00,-4.516936966628676942e+00,1.974796434910410348e+00
-3.403634756875749012e+00,1.059214515906753196e+00,-1.392747046586432225e+00
-2.533238540069701283e+00,-1.858828970435753902e+00,7.403106791662495967e-01
-7.701717172212064755e-01,6.776633071078476789e+00,8.286498226252768662e-01
1.421629337704198193e+00,2.648765514102676466e+00,-1.568309190670962583e-01
-3.666208720614728467e+00,-4.333917928259779728e+00,-1.882072087898390977e+00
-3.644318485982748435e+00,-5.975377259963659426e+00,-6.280796379911153526e-02
-2.445052177577379915e+00,5.290580255760803929e+00,1.820439199123320195e+00
4.304327839639603859e+00,-5.483256508813160401e+00,-3.399755321385885543e-01
3.911768764472259630e+00,3.236288604077007136e+00,-1.998518832260619327e+00
4.811911451773164039e+00,-5.070127700202807119e+00,1.993312948930825446e-01
1.964034335970720413e+00,5.205644339298965306e+00,-1.918879836271458750e+00
3.756595509497095531e+00,-3.596897860219374188e+00,-1.989881077705740076e+00
3.519742412825863198e+00,2.752900863133090681e+00,1.928070310538582133e+00
-2.705706959296526826e+00,-2.316724429191784562e+00,-1.390051833406659609e+00
6.051490585146169110e+00,-2.806802619934464005e+00,-1.099386701512415465e+00
2.605744252048892484e+00,-1.549639557706773418e+00,3.547501690936720187e-01
-1.460522170822232013e+00,-6.830855185824187714e+00,2.424567471841738431e-01
5.783046630077281591e+00,1.356670961353701799e+00,1.765306634415283460e+00
-3.951221896398771527e+00,9.291852471055633833e-01,-1.764803844036743952e+00
-2.861519300134157451e+00,9.601690968283711491e-01,2.700357055880235890e-01
-3.907915022062220078e+00,4.629257835908827445e+00,1.697116864685900284e+00
2.307987758734273420e+00,-3.819200886477025936e+00,1.926394814041998860e+00
1.222555276692928405e+00,2.764463769032925899e+00,-3.006765866027407141e-01
-3.357800307154352182e-01,-3.147133702401195166e+00,7.954619992607261381e-01
-4.984847349053024956e+00,2.514478873626744715e+00,-1.913102951163679899e+00
4.298193269553043372e+00,4.177338485632220433e+00,1.735664152521091186e+00
4.716826237977892688e+00,-2.776919993286150579e+00,-1.943129360601838940e+00
-2.735795457295715938e+00,2.111894167222220453e+00,1.271374682619174967e+00
3.594447215040520227e+00,1.906525135205337396e+00,-1.769974741738421953e+00
5.484190943475937274e+00,-4.337504723715422728e+00,-1.769170848718195910e-01
-4.997269947614567442e+00,-4.767253634136643825e+00,6.044405033326264443e-01
-5.385707192447051206e+00,3.534222044142815822e+00,1.386095941752552019e+00
2.705399432491108147e+00,-4.110850123757163743e+00,1.998447299027948265e+00
8.896175264695392881e-01,-3.045087208527267553e+00,8.122770164279983218e-01
4.093890396574144219e+00,5.461036015511017139e-01,-1.800935041040368612e+00
1.011981165805983185e+00,6.280758884434262335e+00,-1.464786497073306659e+00
-6.724960684385699494e+00,-1.517022369273474114e-01,-1.009259853784428396e+00
-4.943836401182827522e+00,3.193770488867159862e+00,-1.793182040515472808e+00
3.096046624300826000e+00,1.083626903311094791e+00,1.020935302913742682e+00
-1.697868384799924746e+00,3.891585622334611916e+00,1.852363224518179585e+00
-2.992838188206807359e+00,-6.039435185796125261e+00,-9.855459073056533903e-01
6.928094609100286405e+00,-9.188767874524016444e-01,2.116971871040827513e-01
-2.918836451135595311e+00,9.441312625584130647e-01,-5.160881276707744991e-01
7.227040895495410178e-01,5.627510322064035009e+00,1.883107128454992063e+00
3.458083975261602827e+00,-5.963674809327677906e+00,6.432094282480231850e-01
-2.206300971864973537e+00,-2.783200051285738219e+00,-1.379195355892818053e+00
-1.259041072611651435e+00,-4.395657159030071703e+00,1.953758366611729747e+00
-3.277968916357683948e+00,-9.581953927312776564e-02,1.019524034538241475e+00
-4.726733986946804578e+00,-1.039282061073598662e+00,1.993560852111329496e+00
-4.441889970934918885e+00,3.398304718686999681e-01,-1.924274886666347495e+00
2.297417370527299330e+00,2.170941955784070121e+00,7.858819129957220762e-01
-1.213514634680355142e+00,5.085451948440568692e+00,-1.986934540664496707e+00
6.493398102288509000e-01,4.295866010314491668e+00,1.889585928913157797e+00
-4.764551216565695135e+00,1.308019946801273425e+00,-1.999124726016524134e+00
-2.000428565279826820e+00,3.080300636027616612e+00,-1.496236352592541063e+00
-4.924023808498492194e+00,-2.285866170980527912e+00,-1.953505530580698313e+00
-3.491579994470245918e+00,-1.049163827308605690e+00,-1.471784301099648307e+00
6.260498659682663281e+00,3.121256378349939187e+00,1.350798835043933721e-01
-5.938245324585622598e+00,5.911157827208078919e-01,-1.750360618926659617e+00
4.970020343110971295e-01,4.762774672895917050e+00,-1.988799942042449143e+00
4.298765265781377742e+00,4.418069571996281475e+00,-1.626155438593638980e+00
-3.770242298198756892e+00,6.242444441066780092e-01,-1.615953613284230039e+00
2.687885217793565928e+00,1.896077185762850670e+00,-1.036186725673895692e+00
-5.230426336868735371e-01,-3.138305019869595203e+00,8.327033241073404923e-01
3.416304157308970080e+00,2.042340432987802767e+00,-1.720489443978050703e+00
5.523827704676254946e+00,3.781196481228391582e-01,1.926627866947453027e+00
5.271717713871928446e+00,5.062587762680490489e-01,-1.977979106978961843e+00
-1.252531286836199076e+00,-3.953771780391929891e+00,-1.809176136269052826e+00
2.965043363830979661e+00,-4.605896750747076052e-01,4.915340493324570764e-02
-6.297690591066376520e+00,3.055795317900770858e+00,1.857937159079002531e-02
-9.560187511654372194e-01,-2.890422747503320622e+00,-4.191911693178455578e-01
-5.009283115198119418e+00,-4.456822426373378221e+00,-1.045556783877240825e+00
4.635626045376719517e+00,1.050226498984168755e+00,1.984702174997186486e+00
4.040875265394001659e-01,6.890470778809302033e+00,-6.174294769869131949e-01
6.030611547804561212e+00,1.710561966048866234e+00,1.546242587128169976e+00
-2.295515923386144852e+00,-6.102041775819185609e+00,1.300392341812621977e+00
-7.064066306559299013e-01,-3.906273820165403698e+00,1.714159756770087473e+00
2.179207547110635357e+00,3.720803082820260510e+00,1.877938323934901677e+00
2.395442242421665924e+00,3.396796222779443042e+00,-1.813417370202284440e+00
2.149462487917681131e+00,2.176000209530422058e+00,-4.806763832558245686e-01
1.839916768370700062e+00,-4.303384005388021905e+00,-1.974268781977608578e+00
3.916126187491867583e+00,-2.429644052385570241e+00,1.961328067309774159e+00
-4.082880581689803279e+00,-3.704876460210423939e-01,1.785883456488708498e+00
4.728218847497445587e+00,-4.043108842614148379e+00,-1.583912214919327877e+00
2.945005194110132063e+00,-6.967518758842838889e-01,3.233047648801726237e-01
-5.858185111264363698e+00,-3.016854737021547272e+00,-1.214049204924009695e+00
2.925649299142267790e+00,-6.698994372955772159e-01,7.386664905839090967e-02
1.731998575435633514e+00,2.696804438689798911e+00,8.822029474416527295e-01
-6.386297583215995388e+00,7.340597827702672884e-01,-1.399937806550219488e+00
-8.216981667564571268e-01,3.526637530412835009e+00,1.448665890560767000e+00
-3.864958763677278863e+00,-5.651277410467191231e+00,7.683502686282067673e-01
-2.376271521396168929e+00,2.802015761823523743e+00,-1.497200544182848425e+00
-2.467662216249795648e+00,-5.774189627504491718e+00,-1.537265391337802267e+00
-3.713802741225001203e+00,1.335466927231448331e+00,-1.700114344586801662e+00
-2.374398591267267711e-01,3.095389033689691427e+00,-6.379757195501115641e-01
1.889808836550148863e+00,-5.607893796152406019e+00,1.776997952581911289e+00
-2.631808518408222497e+00,1.487679990158202070e+00,-3.036058095929947687e-01
2.351591987301440589e+00,3.155073844221735868e+00,1.692880056977501546e+00
5.325167009526089679e+00,-4.556301588049849749e-01,-1.970084897586614980e+00
2.835695776298621240e+00,-9.814551501962314184e-01,5.430401021519146859e-02
-1.114956788764662754e+00,-2.996426206889905242e+00,8.658479685311714080e-01
-3.003382976293119455e+00,-2.528052541990110091e-01,2.362618920262594679e-01
-4.454141681449005574e+00,-1.007772674352042763e+00,1.952504393303493790e+00
-1.074435774024974366e+00,3.215326671386166790e+00,1.186677256931669477e+00
-2.298098568044056211e+00,2.936086616193421595e+00,-1.543806560694674923e+00
1.493040939829429536e+00,2.758988768675818104e+00,7.276545736963390132e-01
4.317897483356298416e+00,2.654746409561957066e+00,1.998819059581813162e+00
6.044348256554748389e+00,1.513829773849924676e+00,1.576244602882927337e+00
-4.240451428294680802e+00,-1.299630289365405256e+00,-1.918575833647013340e+00
6.644105535235260263e+00,-3.133514512646716765e-01,1.128086311080642501e+00
-2.357857464417791871e+00,1.869059857990086115e+00,-1.874086116545760905e-01
-4.163710972709317559e+00,4.994722383255527198e+00,1.319927457607934063e+00
-3.723528204974209554e+00,-4.632128139500429675e+00,1.763641050996797688e+00
3.637055931537393594e+00,-1.280287315366071543e-01,1.465782711909240810e+00
1.058046717488141830e+00,3.006603714687592355e+00,-8.451387143939467217e-01
-2.821878980380946977e+00,-2.138167864457455991e+00,1.367371254769669919e+00
-2.603850904871843230e+00,-1.493915972582034568e+00,8.874970319023557652e-02
-4.988568081005154475e+00,-4.878520142225646339e+00,2.990299677595225081e-01
1.767050166358018037e+00,-5.586860888338017084e+00,1.805825132083857865e+00
-2.642005734005386519e-01,3.938535316387349994e+00,1.700589723168731915e+00
6.960405922858628358e+00,7.276872089806424304e-01,-8.144031244492584698e-02
-2.835323941151759009e+00,-1.309438506515359091e+00,6.908030074599070813e-01
-3.286328857705154149e-01,-3.025652424191439760e+00,4.146106374500072023e-01
3.232655430418065912e+00,-2.001081094441384600e+00,1.601417637265283744e+00
2.135681771076209046e+00,-3.238592564118482731e+00,1.656568520105784259e+00
1.598539622257359044e-02,3.057125688410928355e+00,4.747649982813135772e-01
3.967002675373835885e+00,3.200269982632111265e+00,-1.997649083280538473e+00
3.090000769742136999e+00,5.378228358273043908e-01,7.260887691800440580e-01
-1.569440072383045948e+00,4.036931841303433188e+00,1.884889813266865222e+00
-1.476741130192309015e+00,2.869293199481992129e+00,9.254805839043029891e-01
-4.395063027692841295e+00,2.505658716120047202e+00,1.999125403180726401e+00
2.047197979598861295e+00,6.381141972225464087e+00,-1.051154427854723350e+00
6.497083690123288235e+00,-1.687411651889260660e-03,1.326174863533200909e+00
-3.394519044721787893e+00,1.464699238392449532e+00,1.517331460133397814e+00
-1.652346842526205339e+00,6.509423439891825147e+00,1.027524729327150999e+00
-2.690772543119859250e+00,1.436677359963389078e+00,4.457015322721017414e-01
-2.620537932405576420e+00,1.654143183754714252e+00,-6.212554742763176652e-01
2.827438486023904129e+00,1.003552255550919092e+00,-3.188897690309686755e-02
2.363023607827068329e+00,-5.040843048738161691e+00,-1.917878339831165624e+00
3.945231963106480499e+00,-2.838387997474254298e+00,-1.995106259746832311e+00
-1.818547558076625492e+00,-2.915429064055612418e+00,1.246693016953742239e+00
-4.211841101504569806e+00,7.406379948160213278e-02,-1.838431814119436902e+00
3.404517779923521559e+00,-3.237942026614564206e+00,1.977129352783955074e+00
6.143538214388442498e+00,2.307628862802781011e+00,1.248264240502007905e+00
-2.793935543153991397e+00,-3.475443240912747811e+00,-1.925506113049802792e+00
6.130981535445196862e+00,3.352571509229857583e+00,-2.210071880046044768e-01
3.379760737498052947e+00,-2.935591693295293680e+00,1.930314697797308465e+00
5.609427056506589793e+00,4.187269775303287034e+00,1.772738907199536765e-02
2.900261221215707508e+00,1.602920479002912346e+00,-1.075418706153955961e+00
1.839203273015728390e+00,-3.142532571078151094e+00,-1.467516157477898542e+00
-1.417941952932003868e+00,-4.333992787968116822e+00,1.951010941817106659e+00
9.527239671410862032e-01,-4.329216875819874133e+00,1.917888200106576901e+00
1.613307367469951625e+00,-2.807210589979179272e+00,9.458148735195158752e-01
5.647659565534115522e-01,-6.755140803525082838e+00,9.144377244859086540e-01
-4.564765416579879442e+00,4.746619811456286087e+00,-1.219224876595316198e+00
-2.601365707439161401e+00,1.617514695260437563e+00,-4.989710468205131866e-01
-1.417387949989889595e+00,-2.644074005042593267e+00,8.791813804846613720e-03
-1.761224529923193005e+00,2.497323223651962021e+00,4.695548468667570807e-01
-5.072774843503013109e+00,-1.218244454001582988e-01,-1.998621724943734579e+00
-3.253230656297064094e+00,5.917532100889122404e+00,-9.631154864940565385e-01
4.128697954209838095e+00,-6.257118114108130291e-02,-1.800460693597751849e+00
-8.228275008150925940e-01,-4.382339168104070204e+00,1.925416654228836677e+00
2.138746321279349216e-01,-5.775503709841430577e+00,-1.841857320812658960e+00
-3.019595777987981844e+00,4.128829159170186003e+00,-1.996679946834296393e+00
-3.155571219581903453e+00,3.110617087617904009e+00,-1.917345630148198588e+00
-1.410209048880077587e+00,2.659391269653675227e+00,-2.013181920877962217e-01
-3.800274678662079353e+00,2.847115076164952185e+00,-1.984122585531663541e+00
2.415989223642303951e+00,6.425199883600106965e+00,7.238477548905878356e-01
5.463039348220013330e-02,3.707500966827761424e+00,1.526593093186227490e+00
5.774639151988987251e+00,-5.686609544635372604e-01,1.831905962944267996e+00
-6.604307532333151265e+00,-2.319537444959753891e+00,2.862543760670697296e-02
-2.666695024824290439e+00,4.352710652307797190e+00,-1.997260727097938116e+00
-2.430338766345880863e+00,-5.161101539652854342e+00,-1.871739456051768169e+00
-3.378082813235765425e+00,1.855282187872459299e-01,-1.177230938066629484e+00
7.880554415855157702e-01,-4.036880025583034381e+00,-1.792588606667362416e+00
-1.638792498224497018e+00,3.491030594691663769e+00,1.640886807498264321e+00
4.081092751846441047e+00,2.247245291675362466e+00,-1.970699536884832792e+00
-4.256376294199895050e+00,-5.278095475927589320e+00,-9.109659372394003363e-01
-1.451426049639076066e+00,-2.637729313073947424e+00,-2.065071801832477072e-01
3.503014962001933963e+00,-3.283698375669665825e-01,1.343420286793959972e+00
3.645575803140789883e+00,-5.603692873856479295e+00,-1.077115201769711206e+00
-2.824912522939074577e+00,1.975792814725018554e+00,-1.260606020109348524e+00
7.769822571397337896e-01,3.064732885820682817e+00,7.877940739576163587e-01
3.973335352808609944e+00,-3.280328888485247174e-01,-1.724393750436864270e+00
-1.355062225235015738e+00,-2.712510789944797107e+00,-3.571414580576753872e-01
1.343160504314804271e+00,-2.685103843677635105e+00,9.608834937145409316e-02
3.853812744150215686e+00,4.441929425795719588e+00,1.795653341945764092e+00
4.384096599803156136e-01,-3.258389241667051017e+00,-1.033538445058749922e+00
2.816577166562503010e+00,-1.985282950433556293e+00,1.258918682910475928e+00
-3.163747657759483634e+00,-1.143195900516293495e+00,1.150373049182075169e+00
-4.297981876873814500e+00,2.359490655433431616e+00,-1.997648520437540931e+00
-1.562378458390994096e+00,4.246802257218842414e+00,1.942794820050830262e+00
3.201071495519703269e+00,1.186457253430003300e+00,1.218279975585752961e+00
1.171253571045893116e+00,-2.761930347081458237e+00,7.923349520373190388e-03
2.128580074321037574e-01,-6.244627029914328276e+00,-1.562645995020628842e+00
-2.096623393440501193e+00,2.386950999941547025e+00,8.226126076532318532e-01
-1.137335172864567090e+00,4.654842262748745796e+00,-1.989130836868660879e+00
5.930040905034764664e-01,2.981912381222570740e+00,-3.994947152871423657e-01
-3.196131304481815427e-02,3.007128720410497280e+00,-1.707073401575020521e-01
-4.670125195734530443e+00,2.312661901193185265e+00,-1.988798326435551544e+00
5.730722973410569132e+00,-2.018438233497287015e+00,1.686020822085207982e+00
-2.239116633438966275e+00,-3.307671191097553809e+00,-1.728740064237634710e+00
-5.155088391530291858e+00,3.511614397938552123e+00,-1.571178075276984609e+00
1.774928282121869705e+00,6.462080450530146791e+00,1.051291887454101071e+00
-2.562032556185120491e+00,-3.511412971103348823e+00,-1.890299930008919382e+00
3.601234000425634463e+00,-4.892790453635837977e+00,-1.686387946287897677e+00
-3.029893079563907854e+00,-4.675913207826529749e-01,5.086467484356312907e-01
-3.966186492969160149e+00,5.331104894030442409e+00,-1.138042602283396931e+00
2.457133415618779071e-01,6.824399412525131048e+00,-8.095752628293443331e-01
-6.303053213790621889e+00,2.004639125238466768e+00,1.180889849107713330e+00
-6.544940037682605904e+00,8.580403512489788165e-01,-1.198739122301207827e+00
-5.260423125486960449e-01,-3.802355056520525967e+00,-1.628214304447182403e+00
1.754443529899201826e+00,-5.158653886897581309e+00,-1.948986623562618536e+00
4.969403896632940132e+00,4.017818635102038627e+00,-1.437585083072607572e+00
1.962043850961646685e+00,3.356497728834764604e+00,-1.662291374444451852e+00
-1.124700490736046499e+00,4.811644816149266646e+00,1.999139673001451012e+00
1.657264286033797829e+00,-4.039830594438460487e+00,-1.897034711740617885e+00
1.581797026157724773e+00,-3.091276620963339106e+00,1.290993079373320418e+00
1.736645780498385028e+00,-5.136013835998969768e+00,-1.955041912885445488e+00
7.882175138602819375e-01,3.559287075485319196e+00,1.471523757922774900e+00
-1.228710053074660413e+00,-3.063259237047772032e+00,-1.054368142325258217e+00
5.019685499957135200e+00,3.399409602834800204e+00,-1.694465280502216231e+00
1.617539355448124994e+00,2.580927988812843576e+00,-4.261075391095466292e-01
1.462620755393002403e+00,-4.580786718741674868e+00,-1.990822767807827853e+00
3.007856261846701518e+00,-2.511169366693402072e+00,-1.682246001390627299e+00
-3.566662519646922602e-01,-2.995259360252593872e+00,2.557543244722880749e-01
-1.813643508033991048e-01,6.656692635595967467e+00,1.116771523078082584e+00
5.951296756426351919e+00,-2.563292067881192349e+00,1.345383562301974978e+00
-3.192117426145242742e+00,-1.540651646020646248e-01,8.631234549666870759e-01
3.301702654307385743e+00,4.784287229743140912e+00,1.827313972366511718e+00
-4.075689609183114293e+00,-3.077661648730748212e+00,-1.997126259984398411e+00
2.886110799362187063e+00,-1.920589734036166618e+00,-1.284180700940420250e+00
1.723361974078878589e+00,-6.584070091652217016e+00,8.595405316349561398e-01
5.171128292665259529e+00,4.317959417993193938e+00,9.916159578967028709e-01
-4.402780265147366201e+00,9.648174835310223685e-01,-1.938350401250448218e+00
-2.401903441426914920e+00,1.887798208704421388e+00,4.657355072211375457e-01
-1.871777725421604366e+00,4.611205949191237607e+00,1.999863369221819065e+00
5.895474153798289096e-01,3.795272594473425354e+00,1.629794429143887946e+00
3.076629820270211813e+00,-4.187678285989492544e+00,1.990335986185942874e+00
2.749399682708049131e+00,1.461977452415378798e+00,-6.653946459014037362e-01
-6.892211627166691557e+00,-1.033669919925797487e+00,3.491165135761251648e-01
-2.178043697990021510e+00,-6.078970796965528223e+00,-1.369687070017826080e+00
-1.242420922246830761e+00,3.532301059102800345e+00,-1.556774062746598242e+00
4.495843706915715332e-01,3.045915506553027452e+00,-5.562720007731056793e-01
-4.752915907555435915e+00,1.900728813340891721e+00,1.996463485668063642e+00
3.015525698487659945e+00,-1.778322966737786892e+00,-1.323818961896803037e+00
4.930293018804112748e+00,-3.229102119485118827e+00,-1.789252112631731562e+00
1.749506454560508351e+00,-5.907997277764204469e+00,1.628098939539393886e+00
-3.744915785531426344e+00,9.360582178158278754e-01,-1.643379167157403398e+00
1.096643985835228152e+00,2.874704179364673262e+00,-5.488264239868581029e-01
-3.161747238550457695e+00,2.159887313811847065e+00,1.621393645105848824e+00
-7.720859983757920597e-01,4.986826202239743822e+00,1.999465361558528054e+00
-5.201755641141907915e+00,-1.016605157385733982e+00,1.977346970689064731e+00
-2.117800930701552176e+00,-5.961962053334520562e+00,-1.496412602086857113e+00
8.011847982371897992e-01,-3.009886122594317648e+00,-6.675454676743026727e-01
-4.752579509370999489e+00,3.864829799197726956e+00,-1.653133631203173470e+00
3.358334392483217634e+00,9.091785494007361690e-01,-1.298940838088876504e+00
-8.415137987456267066e-01,-2.886739016625671006e+00,-1.659092681201172481e-01
3.273779680026175143e+00,3.570923091569855323e+00,-1.993945330335303634e+00
-1.032136525482085343e+00,4.408148442009286683e+00,-1.943352983396331668e+00
9.028466679834733499e-01,3.562023379996419159e+00,1.497825041003803204e+00
6.035156448696347153e-01,2.949648671167574232e+00,-2.071539331244827420e-01
-5.865838431878605874e+00,3.819939456199687999e+00,7.638370657905021273e-04
-2.162591368006861359e+00,-2.079269727136579426e+00,1.045693696785996406e-02
3.322220919837199471e+00,-2.492902487295520775e+00,-1.812034439409584863e+00
3.221653785656146241e+00,6.151587759551395251e+00,4.693807982553779845e-01
-3.220501668861479150e+00,-6.050171292641913112e+00,7.503231833516156302e-01
-6.496810523560787587e+00,1.001521959680684803e+00,-1.234476549604786921e+00
-1.472931058723155218e+00,-2.691374454753122425e+00,-5.173266381267879188e-01
4.564474351857710638e-02,3.820139482023155786e+00,1.615107593240306283e+00
1.765061284197426028e+00,-6.412964552754751857e+00,-1.128171242710859667e+00
-6.527734595817425323e+00,-6.182650499630898411e-01,-1.255353369443792833e+00
2.272946557712366200e+00,-6.326638005919724250e+00,-1.016283803540463548e+00
-3.599551456727211107e+00,1.150353938043620072e+00,-1.583955391072925600e+00
1.587681848940805551e+00,6.661045408234852694e+00,-7.656390937229339277e-01
5.820246935928549137e-01,-3.063656138304111654e+00,-6.780681385516893478e-01
-4.205125327252301481e+00,-2.758116910758080742e+00,1.999790535633497734e+00
3.398481719915840582e+00,2.342236594310826703e-01,-1.208675486687466494e+00
-6.526354873011091406e+00,-2.438353077001073732e+00,3.619002596638214997e-01
-3.341186750735702926e+00,-9.248714237822391881e-01,-1.284286696289288043e+00
4.940277244051914707e+00,-3.827348269859440766e+00,1.561733940690265721e+00
1.836168607082103499e+00,3.200697878926717532e+00,-1.511243902027361141e+00
6.538550868622356127e+00,1.955263401686021973e+00,-8.189573834576426847e-01
6.721846151048532114e+00,-1.797383436626603270e+00,4.077070693265451018e-01
3.584081888794835802e+00,-4.588062866596910538e+00,1.823259851856275038e+00
-4.186332754326555161e+00,-1.454740397250350592e-01,1.828127793071208318e+00
4.477720805635287959e+00,3.712982628496571902e+00,-1.825565313535402412e+00
7.208880197107594423e-01,-5.562979637272269073e+00,-1.904866706008548460e+00
-6.220135458252206817e+00,-8.955036461242438239e-01,1.533185650067568906e+00
4.213320324269117734e+00,-9.783068573447764593e-02,1.839271745450892670e+00
6.020895536724347075e+00,8.142754158125927733e-01,1.686076015893110958e+00
-3.579674139360168095e+00,-1.385304103899895223e+00,1.628075833449561083e+00
5.100981312558423575e+00,-3.703647008409199248e+00,-1.516670092540399972e+00
-6.420455939461829686e+00,-1.928733282480308772e-02,-1.407914280834963394e+00
-3.504795172596064656e+00,-5.617222565875198192e+00,-1.171567388725422765e+00
